-- MySQL dump 10.19  Distrib 10.3.39-MariaDB, for Linux (x86_64)
--
-- Host: localhost    Database: idmdb
-- ------------------------------------------------------
-- Server version	10.3.39-MariaDB-log

/*!40101 SET @OLD_CHARACTER_SET_CLIENT=@@CHARACTER_SET_CLIENT */;
/*!40101 SET @OLD_CHARACTER_SET_RESULTS=@@CHARACTER_SET_RESULTS */;
/*!40101 SET @OLD_COLLATION_CONNECTION=@@COLLATION_CONNECTION */;
/*!40101 SET NAMES utf8mb4 */;
/*!40103 SET @OLD_TIME_ZONE=@@TIME_ZONE */;
/*!40103 SET TIME_ZONE='+00:00' */;
/*!40014 SET @OLD_UNIQUE_CHECKS=@@UNIQUE_CHECKS, UNIQUE_CHECKS=0 */;
/*!40014 SET @OLD_FOREIGN_KEY_CHECKS=@@FOREIGN_KEY_CHECKS, FOREIGN_KEY_CHECKS=0 */;
/*!40101 SET @OLD_SQL_MODE=@@SQL_MODE, SQL_MODE='NO_AUTO_VALUE_ON_ZERO' */;
/*!40111 SET @OLD_SQL_NOTES=@@SQL_NOTES, SQL_NOTES=0 */;

--
-- Table structure for table `account_sources`
--

DROP TABLE IF EXISTS `account_sources`;
/*!40101 SET @saved_cs_client     = @@character_set_client */;
/*!40101 SET character_set_client = utf8 */;
CREATE TABLE `account_sources` (
  `id` int(11) NOT NULL AUTO_INCREMENT,
  `name` varchar(100) NOT NULL,
  `type` enum('LDAP','CSV','Database','Unix','XML','API') NOT NULL,
  `description` text DEFAULT NULL,
  `config` longtext CHARACTER SET utf8mb4 COLLATE utf8mb4_bin DEFAULT NULL CHECK (json_valid(`config`)),
  `last_sync` timestamp NULL DEFAULT NULL,
  `created_at` timestamp NOT NULL DEFAULT current_timestamp(),
  `category` enum('Application','OS','Database') NOT NULL DEFAULT 'Application',
  `is_baseline` tinyint(1) DEFAULT 0,
  PRIMARY KEY (`id`)
) ENGINE=InnoDB AUTO_INCREMENT=52 DEFAULT CHARSET=utf8mb4 COLLATE=utf8mb4_general_ci;
/*!40101 SET character_set_client = @saved_cs_client */;

--
-- Dumping data for table `account_sources`
--

LOCK TABLES `account_sources` WRITE;
/*!40000 ALTER TABLE `account_sources` DISABLE KEYS */;
INSERT INTO `account_sources` VALUES (40,'SSHR','CSV','','{\"file_path\":\"\\/var\\/www\\/html\\/idmtool\\/uploads\\/SSHR.csv\",\"has_headers\":true,\"field_mapping\":{\"email\":\"email\",\"username\":\"username\",\"employee_id\":\"username\"}}','2025-09-12 05:53:07','2025-08-26 09:10:41','Database',1),(42,'CROWDSTRIKE','CSV','','{\"file_path\":\"\\/var\\/www\\/html\\/idmtool\\/uploads\\/CROWDSTRIKE.csv\",\"has_headers\":true,\"field_mapping\":{\"email\":\"Email\",\"username\":\"Firstname\",\"employee_id\":\"Lastname\"}}','2025-09-12 05:53:07','2025-08-26 11:50:14','Application',0),(46,'BURPSUITE','CSV','','{\"file_path\":\"\\/var\\/www\\/html\\/idmtool\\/uploads\\/BURPSUITE_with_email.csv\",\"has_headers\":true,\"field_mapping\":{\"email\":\"Email\",\"username\":\"Firstname\",\"employee_id\":\"Lastname\"}}','2025-09-12 05:53:07','2025-08-28 10:21:52','Application',0),(48,'BULLSEYEFIREBASE','CSV','','{\"file_path\":\"\\/var\\/www\\/html\\/idmtool\\/uploads\\/BULLSEYEFIREBASE_with_email.csv\",\"has_headers\":true,\"field_mapping\":{\"email\":\"emailaddress\",\"username\":\"Firstname\",\"employee_id\":\"Lastname\",\"supervisor_email\":\"supervisor_email\"}}','2025-09-12 05:53:08','2025-08-29 07:28:25','Application',0),(50,'BULLSEYEAPPSTORE','CSV','','{\"file_path\":\"\\/var\\/www\\/html\\/idmtool\\/uploads\\/BULLSEYEAPPSTORE_with_email.csv\",\"has_headers\":true,\"field_mapping\":{\"email\":\"emailaddress\",\"username\":\"Firstname\",\"employee_id\":\"Lastname\",\"supervisor_email\":\"supervisor_email\"}}','2025-09-12 05:53:08','2025-08-29 10:03:20','Application',0);
/*!40000 ALTER TABLE `account_sources` ENABLE KEYS */;
UNLOCK TABLES;

--
-- Table structure for table `auth_group`
--

DROP TABLE IF EXISTS `auth_group`;
/*!40101 SET @saved_cs_client     = @@character_set_client */;
/*!40101 SET character_set_client = utf8 */;
CREATE TABLE `auth_group` (
  `id` int(11) NOT NULL AUTO_INCREMENT,
  `name` varchar(150) NOT NULL,
  PRIMARY KEY (`id`),
  UNIQUE KEY `name` (`name`)
) ENGINE=InnoDB DEFAULT CHARSET=latin1 COLLATE=latin1_swedish_ci;
/*!40101 SET character_set_client = @saved_cs_client */;

--
-- Dumping data for table `auth_group`
--

LOCK TABLES `auth_group` WRITE;
/*!40000 ALTER TABLE `auth_group` DISABLE KEYS */;
/*!40000 ALTER TABLE `auth_group` ENABLE KEYS */;
UNLOCK TABLES;

--
-- Table structure for table `auth_group_permissions`
--

DROP TABLE IF EXISTS `auth_group_permissions`;
/*!40101 SET @saved_cs_client     = @@character_set_client */;
/*!40101 SET character_set_client = utf8 */;
CREATE TABLE `auth_group_permissions` (
  `id` bigint(20) NOT NULL AUTO_INCREMENT,
  `group_id` int(11) NOT NULL,
  `permission_id` int(11) NOT NULL,
  PRIMARY KEY (`id`),
  UNIQUE KEY `auth_group_permissions_group_id_permission_id_0cd325b0_uniq` (`group_id`,`permission_id`),
  KEY `auth_group_permissio_permission_id_84c5c92e_fk_auth_perm` (`permission_id`),
  CONSTRAINT `auth_group_permissio_permission_id_84c5c92e_fk_auth_perm` FOREIGN KEY (`permission_id`) REFERENCES `auth_permission` (`id`),
  CONSTRAINT `auth_group_permissions_group_id_b120cbf9_fk_auth_group_id` FOREIGN KEY (`group_id`) REFERENCES `auth_group` (`id`)
) ENGINE=InnoDB DEFAULT CHARSET=latin1 COLLATE=latin1_swedish_ci;
/*!40101 SET character_set_client = @saved_cs_client */;

--
-- Dumping data for table `auth_group_permissions`
--

LOCK TABLES `auth_group_permissions` WRITE;
/*!40000 ALTER TABLE `auth_group_permissions` DISABLE KEYS */;
/*!40000 ALTER TABLE `auth_group_permissions` ENABLE KEYS */;
UNLOCK TABLES;

--
-- Table structure for table `auth_permission`
--

DROP TABLE IF EXISTS `auth_permission`;
/*!40101 SET @saved_cs_client     = @@character_set_client */;
/*!40101 SET character_set_client = utf8 */;
CREATE TABLE `auth_permission` (
  `id` int(11) NOT NULL AUTO_INCREMENT,
  `name` varchar(255) NOT NULL,
  `content_type_id` int(11) NOT NULL,
  `codename` varchar(100) NOT NULL,
  PRIMARY KEY (`id`),
  UNIQUE KEY `auth_permission_content_type_id_codename_01ab375a_uniq` (`content_type_id`,`codename`),
  CONSTRAINT `auth_permission_content_type_id_2f476e4b_fk_django_co` FOREIGN KEY (`content_type_id`) REFERENCES `django_content_type` (`id`)
) ENGINE=InnoDB AUTO_INCREMENT=57 DEFAULT CHARSET=latin1 COLLATE=latin1_swedish_ci;
/*!40101 SET character_set_client = @saved_cs_client */;

--
-- Dumping data for table `auth_permission`
--

LOCK TABLES `auth_permission` WRITE;
/*!40000 ALTER TABLE `auth_permission` DISABLE KEYS */;
INSERT INTO `auth_permission` VALUES (2,'Can add log entry',2,'add_logentry'),(4,'Can change log entry',2,'change_logentry'),(6,'Can delete log entry',2,'delete_logentry'),(8,'Can view log entry',2,'view_logentry'),(10,'Can add permission',4,'add_permission'),(12,'Can change permission',4,'change_permission'),(14,'Can delete permission',4,'delete_permission'),(16,'Can view permission',4,'view_permission'),(18,'Can add group',6,'add_group'),(20,'Can change group',6,'change_group'),(22,'Can delete group',6,'delete_group'),(24,'Can view group',6,'view_group'),(26,'Can add user',8,'add_user'),(28,'Can change user',8,'change_user'),(30,'Can delete user',8,'delete_user'),(32,'Can view user',8,'view_user'),(34,'Can add content type',10,'add_contenttype'),(36,'Can change content type',10,'change_contenttype'),(38,'Can delete content type',10,'delete_contenttype'),(40,'Can view content type',10,'view_contenttype'),(42,'Can add session',12,'add_session'),(44,'Can change session',12,'change_session'),(46,'Can delete session',12,'delete_session'),(48,'Can view session',12,'view_session'),(50,'Can add identity',14,'add_identity'),(52,'Can change identity',14,'change_identity'),(54,'Can delete identity',14,'delete_identity'),(56,'Can view identity',14,'view_identity');
/*!40000 ALTER TABLE `auth_permission` ENABLE KEYS */;
UNLOCK TABLES;

--
-- Table structure for table `auth_user`
--

DROP TABLE IF EXISTS `auth_user`;
/*!40101 SET @saved_cs_client     = @@character_set_client */;
/*!40101 SET character_set_client = utf8 */;
CREATE TABLE `auth_user` (
  `id` int(11) NOT NULL AUTO_INCREMENT,
  `password` varchar(128) NOT NULL,
  `last_login` datetime(6) DEFAULT NULL,
  `is_superuser` tinyint(1) NOT NULL,
  `username` varchar(150) NOT NULL,
  `first_name` varchar(150) NOT NULL,
  `last_name` varchar(150) NOT NULL,
  `email` varchar(254) NOT NULL,
  `is_staff` tinyint(1) NOT NULL,
  `is_active` tinyint(1) NOT NULL,
  `date_joined` datetime(6) NOT NULL,
  PRIMARY KEY (`id`),
  UNIQUE KEY `username` (`username`)
) ENGINE=InnoDB AUTO_INCREMENT=7 DEFAULT CHARSET=latin1 COLLATE=latin1_swedish_ci;
/*!40101 SET character_set_client = @saved_cs_client */;

--
-- Dumping data for table `auth_user`
--

LOCK TABLES `auth_user` WRITE;
/*!40000 ALTER TABLE `auth_user` DISABLE KEYS */;
INSERT INTO `auth_user` VALUES (2,'pbkdf2_sha256$260000$2togN1a1z7WAaxCJAObA24$EMOXTb6b5c1xdokQdr2p3xZrv94O5J0FhOQG6Jf0L68=','2025-08-07 12:13:00.964118',1,'krishnamurala','','','krishnamurala@corp.untd.com',1,1,'2025-08-07 07:04:35.529032'),(4,'pbkdf2_sha256$260000$jfWLU2aIIgzmX6RZVMcaeX$9fSOigMzmwgjBaREhHp5bLvFKhHSD2dF62V5rf/YtB8=','2025-08-12 11:51:08.965586',1,'admin','','','admin@gmail.com',1,1,'2025-08-10 10:45:01.510626'),(6,'pbkdf2_sha256$260000$TysdL6hZj2erkDe2ZwEj3X$QipyC/IYv8+XT3/VRUA6vzx2jblBPqlUSgqFbJMekrs=','2025-08-12 11:48:31.849952',1,'admin1','','','admin@gmail.com',1,1,'2025-08-10 11:51:13.352589');
/*!40000 ALTER TABLE `auth_user` ENABLE KEYS */;
UNLOCK TABLES;

--
-- Table structure for table `auth_user_groups`
--

DROP TABLE IF EXISTS `auth_user_groups`;
/*!40101 SET @saved_cs_client     = @@character_set_client */;
/*!40101 SET character_set_client = utf8 */;
CREATE TABLE `auth_user_groups` (
  `id` bigint(20) NOT NULL AUTO_INCREMENT,
  `user_id` int(11) NOT NULL,
  `group_id` int(11) NOT NULL,
  PRIMARY KEY (`id`),
  UNIQUE KEY `auth_user_groups_user_id_group_id_94350c0c_uniq` (`user_id`,`group_id`),
  KEY `auth_user_groups_group_id_97559544_fk_auth_group_id` (`group_id`),
  CONSTRAINT `auth_user_groups_group_id_97559544_fk_auth_group_id` FOREIGN KEY (`group_id`) REFERENCES `auth_group` (`id`),
  CONSTRAINT `auth_user_groups_user_id_6a12ed8b_fk_auth_user_id` FOREIGN KEY (`user_id`) REFERENCES `auth_user` (`id`)
) ENGINE=InnoDB DEFAULT CHARSET=latin1 COLLATE=latin1_swedish_ci;
/*!40101 SET character_set_client = @saved_cs_client */;

--
-- Dumping data for table `auth_user_groups`
--

LOCK TABLES `auth_user_groups` WRITE;
/*!40000 ALTER TABLE `auth_user_groups` DISABLE KEYS */;
/*!40000 ALTER TABLE `auth_user_groups` ENABLE KEYS */;
UNLOCK TABLES;

--
-- Table structure for table `auth_user_user_permissions`
--

DROP TABLE IF EXISTS `auth_user_user_permissions`;
/*!40101 SET @saved_cs_client     = @@character_set_client */;
/*!40101 SET character_set_client = utf8 */;
CREATE TABLE `auth_user_user_permissions` (
  `id` bigint(20) NOT NULL AUTO_INCREMENT,
  `user_id` int(11) NOT NULL,
  `permission_id` int(11) NOT NULL,
  PRIMARY KEY (`id`),
  UNIQUE KEY `auth_user_user_permissions_user_id_permission_id_14a6b632_uniq` (`user_id`,`permission_id`),
  KEY `auth_user_user_permi_permission_id_1fbb5f2c_fk_auth_perm` (`permission_id`),
  CONSTRAINT `auth_user_user_permi_permission_id_1fbb5f2c_fk_auth_perm` FOREIGN KEY (`permission_id`) REFERENCES `auth_permission` (`id`),
  CONSTRAINT `auth_user_user_permissions_user_id_a95ead1b_fk_auth_user_id` FOREIGN KEY (`user_id`) REFERENCES `auth_user` (`id`)
) ENGINE=InnoDB DEFAULT CHARSET=latin1 COLLATE=latin1_swedish_ci;
/*!40101 SET character_set_client = @saved_cs_client */;

--
-- Dumping data for table `auth_user_user_permissions`
--

LOCK TABLES `auth_user_user_permissions` WRITE;
/*!40000 ALTER TABLE `auth_user_user_permissions` DISABLE KEYS */;
/*!40000 ALTER TABLE `auth_user_user_permissions` ENABLE KEYS */;
UNLOCK TABLES;

--
-- Table structure for table `core_identity`
--

DROP TABLE IF EXISTS `core_identity`;
/*!40101 SET @saved_cs_client     = @@character_set_client */;
/*!40101 SET character_set_client = utf8 */;
CREATE TABLE `core_identity` (
  `id` bigint(20) NOT NULL AUTO_INCREMENT,
  `username` varchar(150) NOT NULL,
  `fullname` varchar(255) DEFAULT NULL,
  `email` varchar(254) DEFAULT NULL,
  `department` varchar(255) DEFAULT NULL,
  `enabled` tinyint(1) NOT NULL,
  `created_at` datetime(6) NOT NULL,
  `updated_at` datetime(6) NOT NULL,
  PRIMARY KEY (`id`),
  UNIQUE KEY `username` (`username`)
) ENGINE=InnoDB DEFAULT CHARSET=latin1 COLLATE=latin1_swedish_ci;
/*!40101 SET character_set_client = @saved_cs_client */;

--
-- Dumping data for table `core_identity`
--

LOCK TABLES `core_identity` WRITE;
/*!40000 ALTER TABLE `core_identity` DISABLE KEYS */;
/*!40000 ALTER TABLE `core_identity` ENABLE KEYS */;
UNLOCK TABLES;

--
-- Table structure for table `correlation_rules`
--

DROP TABLE IF EXISTS `correlation_rules`;
/*!40101 SET @saved_cs_client     = @@character_set_client */;
/*!40101 SET character_set_client = utf8 */;
CREATE TABLE `correlation_rules` (
  `id` int(11) NOT NULL AUTO_INCREMENT,
  `source_id` int(11) NOT NULL,
  `priority` int(11) NOT NULL,
  `match_field` varchar(100) NOT NULL,
  `match_type` enum('exact','partial','regex') DEFAULT 'exact',
  `created_at` timestamp NOT NULL DEFAULT current_timestamp(),
  PRIMARY KEY (`id`),
  KEY `source_id` (`source_id`),
  CONSTRAINT `correlation_rules_ibfk_1` FOREIGN KEY (`source_id`) REFERENCES `account_sources` (`id`)
) ENGINE=InnoDB AUTO_INCREMENT=14 DEFAULT CHARSET=utf8mb4 COLLATE=utf8mb4_general_ci;
/*!40101 SET character_set_client = @saved_cs_client */;

--
-- Dumping data for table `correlation_rules`
--

LOCK TABLES `correlation_rules` WRITE;
/*!40000 ALTER TABLE `correlation_rules` DISABLE KEYS */;
/*!40000 ALTER TABLE `correlation_rules` ENABLE KEYS */;
UNLOCK TABLES;

--
-- Table structure for table `defunct_users`
--

DROP TABLE IF EXISTS `defunct_users`;
/*!40101 SET @saved_cs_client     = @@character_set_client */;
/*!40101 SET character_set_client = utf8 */;
CREATE TABLE `defunct_users` (
  `id` int(11) NOT NULL AUTO_INCREMENT,
  `user_id` int(11) DEFAULT NULL,
  `source_id` int(11) DEFAULT NULL,
  `employee_id` varchar(50) DEFAULT NULL,
  `email` varchar(255) DEFAULT NULL,
  `created_at` timestamp NOT NULL DEFAULT current_timestamp(),
  `deleted_at` timestamp NULL DEFAULT NULL,
  `status` enum('pending','deleted','active','inactive') NOT NULL DEFAULT 'pending',
  `notes` text DEFAULT NULL,
  PRIMARY KEY (`id`),
  UNIQUE KEY `user_source_unique` (`user_id`,`source_id`),
  KEY `defunct_users_source_fk` (`source_id`),
  CONSTRAINT `defunct_users_source_fk` FOREIGN KEY (`source_id`) REFERENCES `account_sources` (`id`) ON DELETE CASCADE
) ENGINE=InnoDB AUTO_INCREMENT=22 DEFAULT CHARSET=utf8mb4 COLLATE=utf8mb4_general_ci;
/*!40101 SET character_set_client = @saved_cs_client */;

--
-- Dumping data for table `defunct_users`
--

LOCK TABLES `defunct_users` WRITE;
/*!40000 ALTER TABLE `defunct_users` DISABLE KEYS */;
INSERT INTO `defunct_users` VALUES (4,1001,NULL,'EMP123','john.doe@example.com','2025-09-01 09:49:49','2025-09-01 09:49:49','deleted',NULL),(10,35332,42,'147371','dsercue@corp.untd.com','2025-09-01 12:18:11','2025-09-02 05:28:07','deleted',NULL),(12,35618,42,'mbaba@corp.untd.com','krishmurala@corp.untd.com','2025-09-02 07:36:17','2025-09-02 11:58:26','deleted',NULL),(14,35618,46,'mbaba@corp.untd.com','krishmurala@corp.untd.com','2025-09-02 07:36:17','2025-09-02 11:58:30','deleted',NULL),(16,34434,40,'147368','test1@untd.com','2025-09-04 10:42:12','2025-09-04 10:42:34','deleted',NULL),(18,20148,40,'dmilun@corp.untd.com','dsercu@corp.untd.com','2025-09-04 10:53:06','2025-09-12 05:34:11','deleted',NULL),(20,20148,42,'dmilun@corp.untd.com','dsercu@corp.untd.com','2025-09-04 10:53:06','2025-09-12 05:28:04','deleted',NULL);
/*!40000 ALTER TABLE `defunct_users` ENABLE KEYS */;
UNLOCK TABLES;

--
-- Table structure for table `django_admin_log`
--

DROP TABLE IF EXISTS `django_admin_log`;
/*!40101 SET @saved_cs_client     = @@character_set_client */;
/*!40101 SET character_set_client = utf8 */;
CREATE TABLE `django_admin_log` (
  `id` int(11) NOT NULL AUTO_INCREMENT,
  `action_time` datetime(6) NOT NULL,
  `object_id` longtext DEFAULT NULL,
  `object_repr` varchar(200) NOT NULL,
  `action_flag` smallint(5) unsigned NOT NULL CHECK (`action_flag` >= 0),
  `change_message` longtext NOT NULL,
  `content_type_id` int(11) DEFAULT NULL,
  `user_id` int(11) NOT NULL,
  PRIMARY KEY (`id`),
  KEY `django_admin_log_content_type_id_c4bce8eb_fk_django_co` (`content_type_id`),
  KEY `django_admin_log_user_id_c564eba6_fk_auth_user_id` (`user_id`),
  CONSTRAINT `django_admin_log_content_type_id_c4bce8eb_fk_django_co` FOREIGN KEY (`content_type_id`) REFERENCES `django_content_type` (`id`),
  CONSTRAINT `django_admin_log_user_id_c564eba6_fk_auth_user_id` FOREIGN KEY (`user_id`) REFERENCES `auth_user` (`id`)
) ENGINE=InnoDB DEFAULT CHARSET=latin1 COLLATE=latin1_swedish_ci;
/*!40101 SET character_set_client = @saved_cs_client */;

--
-- Dumping data for table `django_admin_log`
--

LOCK TABLES `django_admin_log` WRITE;
/*!40000 ALTER TABLE `django_admin_log` DISABLE KEYS */;
/*!40000 ALTER TABLE `django_admin_log` ENABLE KEYS */;
UNLOCK TABLES;

--
-- Table structure for table `django_content_type`
--

DROP TABLE IF EXISTS `django_content_type`;
/*!40101 SET @saved_cs_client     = @@character_set_client */;
/*!40101 SET character_set_client = utf8 */;
CREATE TABLE `django_content_type` (
  `id` int(11) NOT NULL AUTO_INCREMENT,
  `app_label` varchar(100) NOT NULL,
  `model` varchar(100) NOT NULL,
  PRIMARY KEY (`id`),
  UNIQUE KEY `django_content_type_app_label_model_76bd3d3b_uniq` (`app_label`,`model`)
) ENGINE=InnoDB AUTO_INCREMENT=15 DEFAULT CHARSET=latin1 COLLATE=latin1_swedish_ci;
/*!40101 SET character_set_client = @saved_cs_client */;

--
-- Dumping data for table `django_content_type`
--

LOCK TABLES `django_content_type` WRITE;
/*!40000 ALTER TABLE `django_content_type` DISABLE KEYS */;
INSERT INTO `django_content_type` VALUES (2,'admin','logentry'),(6,'auth','group'),(4,'auth','permission'),(8,'auth','user'),(10,'contenttypes','contenttype'),(14,'core','identity'),(12,'sessions','session');
/*!40000 ALTER TABLE `django_content_type` ENABLE KEYS */;
UNLOCK TABLES;

--
-- Table structure for table `django_migrations`
--

DROP TABLE IF EXISTS `django_migrations`;
/*!40101 SET @saved_cs_client     = @@character_set_client */;
/*!40101 SET character_set_client = utf8 */;
CREATE TABLE `django_migrations` (
  `id` bigint(20) NOT NULL AUTO_INCREMENT,
  `app` varchar(255) NOT NULL,
  `name` varchar(255) NOT NULL,
  `applied` datetime(6) NOT NULL,
  PRIMARY KEY (`id`)
) ENGINE=InnoDB AUTO_INCREMENT=39 DEFAULT CHARSET=latin1 COLLATE=latin1_swedish_ci;
/*!40101 SET character_set_client = @saved_cs_client */;

--
-- Dumping data for table `django_migrations`
--

LOCK TABLES `django_migrations` WRITE;
/*!40000 ALTER TABLE `django_migrations` DISABLE KEYS */;
INSERT INTO `django_migrations` VALUES (2,'contenttypes','0001_initial','2025-08-07 07:03:39.699311'),(4,'auth','0001_initial','2025-08-07 07:03:40.583155'),(6,'admin','0001_initial','2025-08-07 07:03:40.750872'),(8,'admin','0002_logentry_remove_auto_add','2025-08-07 07:03:40.781479'),(10,'admin','0003_logentry_add_action_flag_choices','2025-08-07 07:03:40.813754'),(12,'contenttypes','0002_remove_content_type_name','2025-08-07 07:03:40.934141'),(14,'auth','0002_alter_permission_name_max_length','2025-08-07 07:03:40.967359'),(16,'auth','0003_alter_user_email_max_length','2025-08-07 07:03:41.006171'),(18,'auth','0004_alter_user_username_opts','2025-08-07 07:03:41.039346'),(20,'auth','0005_alter_user_last_login_null','2025-08-07 07:03:41.081781'),(22,'auth','0006_require_contenttypes_0002','2025-08-07 07:03:41.086917'),(24,'auth','0007_alter_validators_add_error_messages','2025-08-07 07:03:41.115806'),(26,'auth','0008_alter_user_username_max_length','2025-08-07 07:03:41.145910'),(28,'auth','0009_alter_user_last_name_max_length','2025-08-07 07:03:41.175818'),(30,'auth','0010_alter_group_name_max_length','2025-08-07 07:03:41.208208'),(32,'auth','0011_update_proxy_permissions','2025-08-07 07:03:41.238048'),(34,'auth','0012_alter_user_first_name_max_length','2025-08-07 07:03:41.277895'),(36,'sessions','0001_initial','2025-08-07 07:03:41.311342'),(38,'core','0001_initial','2025-08-10 10:44:16.998401');
/*!40000 ALTER TABLE `django_migrations` ENABLE KEYS */;
UNLOCK TABLES;

--
-- Table structure for table `django_session`
--

DROP TABLE IF EXISTS `django_session`;
/*!40101 SET @saved_cs_client     = @@character_set_client */;
/*!40101 SET character_set_client = utf8 */;
CREATE TABLE `django_session` (
  `session_key` varchar(40) NOT NULL,
  `session_data` longtext NOT NULL,
  `expire_date` datetime(6) NOT NULL,
  PRIMARY KEY (`session_key`),
  KEY `django_session_expire_date_a5c62663` (`expire_date`)
) ENGINE=InnoDB DEFAULT CHARSET=latin1 COLLATE=latin1_swedish_ci;
/*!40101 SET character_set_client = @saved_cs_client */;

--
-- Dumping data for table `django_session`
--

LOCK TABLES `django_session` WRITE;
/*!40000 ALTER TABLE `django_session` DISABLE KEYS */;
INSERT INTO `django_session` VALUES ('bxma1ca7evhjhrlw8lemtb74k83yh2kp','.eJxVjMsOwiAQRf-FtSFTSinj0r3fQAZmkKqBpI-V8d-1SRe6veec-1KBtrWEbZE5TKzOyqjT7xYpPaTugO9Ub02nVtd5inpX9EEXfW0sz8vh_h0UWsq3xoh2REPYRU8MzEKQEQwPEVwCCzlT8pwBPfcuOxFP4xBROmeN7Tv1_gD5DDg5:1ujzRT:LfJbSS8Ejnmwyjq7iEw9ncs2dFtWb7ZIzMIsudCtkLw','2025-08-21 12:09:55.678130');
/*!40000 ALTER TABLE `django_session` ENABLE KEYS */;
UNLOCK TABLES;

--
-- Table structure for table `permissions`
--

DROP TABLE IF EXISTS `permissions`;
/*!40101 SET @saved_cs_client     = @@character_set_client */;
/*!40101 SET character_set_client = utf8 */;
CREATE TABLE `permissions` (
  `permission_id` int(11) NOT NULL AUTO_INCREMENT,
  `name` varchar(50) NOT NULL,
  `description` text DEFAULT NULL,
  PRIMARY KEY (`permission_id`),
  UNIQUE KEY `name` (`name`)
) ENGINE=InnoDB DEFAULT CHARSET=utf8mb4 COLLATE=utf8mb4_general_ci;
/*!40101 SET character_set_client = @saved_cs_client */;

--
-- Dumping data for table `permissions`
--

LOCK TABLES `permissions` WRITE;
/*!40000 ALTER TABLE `permissions` DISABLE KEYS */;
/*!40000 ALTER TABLE `permissions` ENABLE KEYS */;
UNLOCK TABLES;

--
-- Table structure for table `role_accounts`
--

DROP TABLE IF EXISTS `role_accounts`;
/*!40101 SET @saved_cs_client     = @@character_set_client */;
/*!40101 SET character_set_client = utf8 */;
CREATE TABLE `role_accounts` (
  `id` int(11) NOT NULL AUTO_INCREMENT,
  `name` varchar(255) NOT NULL,
  `description` text DEFAULT NULL,
  `created_at` timestamp NOT NULL DEFAULT current_timestamp(),
  PRIMARY KEY (`id`),
  UNIQUE KEY `name` (`name`)
) ENGINE=InnoDB AUTO_INCREMENT=10 DEFAULT CHARSET=utf8mb4 COLLATE=utf8mb4_general_ci;
/*!40101 SET character_set_client = @saved_cs_client */;

--
-- Dumping data for table `role_accounts`
--

LOCK TABLES `role_accounts` WRITE;
/*!40000 ALTER TABLE `role_accounts` DISABLE KEYS */;
INSERT INTO `role_accounts` VALUES (4,'Rolemaster','','2025-08-06 10:27:54'),(6,'RoleMaster-DB','','2025-08-13 10:02:44'),(8,'RoleMaster-Crowdstrike','','2025-08-28 10:41:56');
/*!40000 ALTER TABLE `role_accounts` ENABLE KEYS */;
UNLOCK TABLES;

--
-- Table structure for table `role_permissions`
--

DROP TABLE IF EXISTS `role_permissions`;
/*!40101 SET @saved_cs_client     = @@character_set_client */;
/*!40101 SET character_set_client = utf8 */;
CREATE TABLE `role_permissions` (
  `role_id` int(11) NOT NULL,
  `permission_id` int(11) NOT NULL,
  PRIMARY KEY (`role_id`,`permission_id`),
  KEY `permission_id` (`permission_id`),
  CONSTRAINT `role_permissions_ibfk_1` FOREIGN KEY (`role_id`) REFERENCES `roles` (`role_id`) ON DELETE CASCADE,
  CONSTRAINT `role_permissions_ibfk_2` FOREIGN KEY (`permission_id`) REFERENCES `permissions` (`permission_id`) ON DELETE CASCADE
) ENGINE=InnoDB DEFAULT CHARSET=utf8mb4 COLLATE=utf8mb4_general_ci;
/*!40101 SET character_set_client = @saved_cs_client */;

--
-- Dumping data for table `role_permissions`
--

LOCK TABLES `role_permissions` WRITE;
/*!40000 ALTER TABLE `role_permissions` DISABLE KEYS */;
/*!40000 ALTER TABLE `role_permissions` ENABLE KEYS */;
UNLOCK TABLES;

--
-- Table structure for table `roles`
--

DROP TABLE IF EXISTS `roles`;
/*!40101 SET @saved_cs_client     = @@character_set_client */;
/*!40101 SET character_set_client = utf8 */;
CREATE TABLE `roles` (
  `role_id` int(11) NOT NULL AUTO_INCREMENT,
  `name` varchar(50) NOT NULL,
  `description` text DEFAULT NULL,
  PRIMARY KEY (`role_id`),
  UNIQUE KEY `name` (`name`)
) ENGINE=InnoDB DEFAULT CHARSET=utf8mb4 COLLATE=utf8mb4_general_ci;
/*!40101 SET character_set_client = @saved_cs_client */;

--
-- Dumping data for table `roles`
--

LOCK TABLES `roles` WRITE;
/*!40000 ALTER TABLE `roles` DISABLE KEYS */;
/*!40000 ALTER TABLE `roles` ENABLE KEYS */;
UNLOCK TABLES;

--
-- Table structure for table `uncorrelated_accounts`
--

DROP TABLE IF EXISTS `uncorrelated_accounts`;
/*!40101 SET @saved_cs_client     = @@character_set_client */;
/*!40101 SET character_set_client = utf8 */;
CREATE TABLE `uncorrelated_accounts` (
  `id` int(11) NOT NULL AUTO_INCREMENT,
  `source_id` int(11) NOT NULL,
  `account_id` varchar(255) DEFAULT NULL,
  `username` varchar(100) DEFAULT NULL,
  `email` varchar(255) DEFAULT NULL,
  `account_data` longtext CHARACTER SET utf8mb4 COLLATE utf8mb4_bin DEFAULT NULL CHECK (json_valid(`account_data`)),
  `created_at` timestamp NOT NULL DEFAULT current_timestamp(),
  `role_account_id` int(11) DEFAULT NULL,
  PRIMARY KEY (`id`),
  UNIQUE KEY `unique_source_account` (`source_id`,`account_id`),
  KEY `source_id` (`source_id`),
  KEY `role_account_id` (`role_account_id`),
  CONSTRAINT `fk_role_account_id` FOREIGN KEY (`role_account_id`) REFERENCES `role_accounts` (`id`) ON DELETE SET NULL
) ENGINE=InnoDB AUTO_INCREMENT=2196 DEFAULT CHARSET=utf8mb4 COLLATE=utf8mb4_general_ci;
/*!40101 SET character_set_client = @saved_cs_client */;

--
-- Dumping data for table `uncorrelated_accounts`
--

LOCK TABLES `uncorrelated_accounts` WRITE;
/*!40000 ALTER TABLE `uncorrelated_accounts` DISABLE KEYS */;
INSERT INTO `uncorrelated_accounts` VALUES (1978,42,'net-corpsys-hyd@corp.untd.com',NULL,'net-corpsys-hyd@corp.untd.com','{\"companycode\": \"CROWDSTRIKE\", \"firstname\": \"Net\", \"lastname\": \"Corpsys\", \"email\": \"net-corpsys-hyd@corp.untd.com\", \"siteusername\": \"net-corpsys-hyd@corp.untd.com\", \"rt\": \"\", \"accesslevelnotes\": \"Manager\"}','2025-09-12 05:53:07',4),(1980,42,'net-security-hyd@corp.untd.com',NULL,'net-security-hyd@corp.untd.com','{\"companycode\": \"CROWDSTRIKE\", \"firstname\": \"Net-Security-Hyd\", \"lastname\": \"UnitedOnline\", \"email\": \"net-security-hyd@corp.untd.com\", \"siteusername\": \"net-security-hyd@corp.untd.com\", \"rt\": \"\", \"accesslevelnotes\": \"\\\"Super User\\\"\"}','2025-09-12 05:53:07',4),(1982,42,'security@tickets.int.untd.com',NULL,'security@tickets.int.untd.com','{\"companycode\": \"CROWDSTRIKE\", \"firstname\": \"Net-Security-Tickets\", \"lastname\": \"Security\", \"email\": \"security@tickets.int.untd.com\", \"siteusername\": \"security@tickets.int.untd.com\", \"rt\": \"\", \"accesslevelnotes\": \"User\"}','2025-09-12 05:53:07',4),(2052,50,'engineering','engineering','engineering@netsapiens.com','{\"companycode\": \"BULLSEYEAPPSTORE\", \"firstname\": \"Chris\", \"lastname\": \"Aaker\", \"email\": \"engineering@netsapiens.com\", \"siteusername\": \"engineering@netsapiens.com\", \"rt\": \"\", \"accesslevelnotes\": \"App Manager\", \"username\": \"engineering\", \"emailaddress\": \"engineering@netsapiens.com\"}','2025-09-12 05:53:08',4),(2054,50,'appstore','appstore','appstore@bullseyetelecom.com','{\"companycode\": \"BULLSEYEAPPSTORE\", \"firstname\": \"William\", \"lastname\": \"Oberlin\", \"email\": \"appstore@bullseyetelecom.com\", \"siteusername\": \"appstore@bullseyetelecom.com\", \"rt\": \"\", \"accesslevelnotes\": \"Admin\", \"username\": \"appstore\", \"emailaddress\": \"appstore@bullseyetelecom.com\"}','2025-09-12 05:53:08',NULL),(2056,50,'gportillo','gportillo','gportillo@netsapiens.com','{\"companycode\": \"BULLSEYEAPPSTORE\", \"firstname\": \"Gustavo Portillo\", \"lastname\": \"\", \"email\": \"gportillo@netsapiens.com\", \"siteusername\": \"gportillo@netsapiens.com\", \"rt\": \"\", \"accesslevelnotes\": \"User\", \"username\": \"gportillo\", \"emailaddress\": \"gportillo@netsapiens.com\"}','2025-09-12 05:53:08',NULL),(2058,50,'uoltestsaa','uoltestsaa','uoltestsaa@gmail.com','{\"companycode\": \"BULLSEYEAPPSTORE\", \"firstname\": \"Hyd\", \"lastname\": \"QA\", \"email\": \"uoltestsaa@gmail.com\", \"siteusername\": \"uoltestsaa@gmail.com\", \"rt\": \"\", \"accesslevelnotes\": \"User\", \"username\": \"uoltestsaa\", \"emailaddress\": \"uoltestsaa@gmail.com\"}','2025-09-12 05:53:08',NULL),(2060,50,'gzetino','gzetino','gzetino@netsapiens.com','{\"companycode\": \"BULLSEYEAPPSTORE\", \"firstname\": \"Giovany\", \"lastname\": \"Zetino\", \"email\": \"gzetino@netsapiens.com\", \"siteusername\": \"gzetino@netsapiens.com\", \"rt\": \"\", \"accesslevelnotes\": \"User\", \"username\": \"gzetino\", \"emailaddress\": \"gzetino@netsapiens.com\"}','2025-09-12 05:53:08',NULL);
/*!40000 ALTER TABLE `uncorrelated_accounts` ENABLE KEYS */;
UNLOCK TABLES;

--
-- Table structure for table `user_accounts`
--

DROP TABLE IF EXISTS `user_accounts`;
/*!40101 SET @saved_cs_client     = @@character_set_client */;
/*!40101 SET character_set_client = utf8 */;
CREATE TABLE `user_accounts` (
  `id` int(11) NOT NULL AUTO_INCREMENT,
  `user_id` int(11) NOT NULL,
  `source_id` int(11) NOT NULL,
  `account_id` varchar(255) NOT NULL,
  `username` varchar(100) DEFAULT NULL,
  `email` varchar(255) DEFAULT NULL,
  `additional_data` longtext CHARACTER SET utf8mb4 COLLATE utf8mb4_bin DEFAULT NULL CHECK (json_valid(`additional_data`)),
  `created_at` timestamp NOT NULL DEFAULT current_timestamp(),
  `updated_at` timestamp NOT NULL DEFAULT current_timestamp() ON UPDATE current_timestamp(),
  `matched_by` text DEFAULT NULL,
  `pending_deletion` tinyint(1) DEFAULT 0,
  `status` enum('pending','deleted','active','inactive') NOT NULL DEFAULT 'active',
  PRIMARY KEY (`id`),
  UNIQUE KEY `source_id` (`source_id`,`account_id`),
  KEY `fk_user_accounts_user` (`user_id`),
  CONSTRAINT `fk_user_accounts_user` FOREIGN KEY (`user_id`) REFERENCES `users` (`id`) ON DELETE CASCADE,
  CONSTRAINT `user_accounts_ibfk_1` FOREIGN KEY (`user_id`) REFERENCES `users` (`id`),
  CONSTRAINT `user_accounts_ibfk_2` FOREIGN KEY (`source_id`) REFERENCES `account_sources` (`id`)
) ENGINE=InnoDB AUTO_INCREMENT=11930 DEFAULT CHARSET=utf8mb4 COLLATE=utf8mb4_general_ci;
/*!40101 SET character_set_client = @saved_cs_client */;

--
-- Dumping data for table `user_accounts`
--

LOCK TABLES `user_accounts` WRITE;
/*!40000 ALTER TABLE `user_accounts` DISABLE KEYS */;
INSERT INTO `user_accounts` VALUES (9410,20122,40,'rorozco','rorozco','rorozco@brileyfin.com','{\"email\": \"rorozco@brileyfin.com\", \"firstname\": \"Raquel\", \"lastname\": \"Orozco\", \"username\": \"rorozco\", \"employee_id\": \"pmurphy@brileyfin.com\", \"supervisor_email\": \"pmurphy@brileyfin.com\"}','2025-08-26 10:21:17','2025-08-26 10:21:17','{\"field\": \"email\", \"type\": \"default\", \"priority\": 999}',0,'active'),(9412,20124,40,'karambulo','karambulo','karambulo@corp.untd.com','{\"email\": \"karambulo@corp.untd.com\", \"firstname\": \"Karl\", \"lastname\": \"Arambulo\", \"username\": \"karambulo\", \"employee_id\": \"\", \"supervisor_email\": \"\"}','2025-08-26 10:21:17','2025-08-26 10:21:17','{\"field\": \"email\", \"type\": \"default\", \"priority\": 999}',0,'active'),(9414,20126,40,'wbowen','wbowen','wbowen@corp.untd.com','{\"email\": \"wbowen@corp.untd.com\", \"firstname\": \"William\", \"lastname\": \"Bowen\", \"username\": \"wbowen\", \"employee_id\": \"cvarner@corp.untd.com\", \"supervisor_email\": \"cvarner@corp.untd.com\"}','2025-08-26 10:21:17','2025-08-26 10:21:17','{\"field\": \"email\", \"type\": \"default\", \"priority\": 999}',0,'active'),(9416,20128,40,'sghosh','sghosh','sghosh@corp.untd.com','{\"email\": \"sghosh@corp.untd.com\", \"firstname\": \"Saurav\", \"lastname\": \"Ghosh\", \"username\": \"sghosh\", \"employee_id\": \"mvkris@corp.untd.com\", \"supervisor_email\": \"mvkris@corp.untd.com\"}','2025-08-26 10:21:17','2025-08-26 10:21:17','{\"field\": \"email\", \"type\": \"default\", \"priority\": 999}',0,'active'),(9418,20130,40,'nbezborodova','nbezborodova','nbezborodova@corp.untd.com','{\"email\": \"nbezborodova@corp.untd.com\", \"firstname\": \"Natalia\", \"lastname\": \"Alshansky\", \"username\": \"nbezborodova\", \"employee_id\": \"wbowen@corp.untd.com\", \"supervisor_email\": \"wbowen@corp.untd.com\"}','2025-08-26 10:21:17','2025-08-26 10:21:17','{\"field\": \"email\", \"type\": \"default\", \"priority\": 999}',0,'active'),(9420,20132,40,'gbasappa','gbasappa','gbasappa@corp.untd.com','{\"email\": \"gbasappa@corp.untd.com\", \"firstname\": \"Kari Basappa\", \"lastname\": \"Gudekota\", \"username\": \"gbasappa\", \"employee_id\": \"sghosh@corp.untd.com\", \"supervisor_email\": \"sghosh@corp.untd.com\"}','2025-08-26 10:21:17','2025-08-26 10:21:17','{\"field\": \"email\", \"type\": \"default\", \"priority\": 999}',0,'active'),(9422,20134,40,'dmilun','dmilun','dmilun@corp.untd.com','{\"email\": \"dmilun@corp.untd.com\", \"firstname\": \"Davin\", \"lastname\": \"Milun\", \"username\": \"dmilun\", \"employee_id\": \"cvarner@corp.untd.com\", \"supervisor_email\": \"cvarner@corp.untd.com\"}','2025-08-26 10:21:17','2025-08-26 10:21:17','{\"field\": \"email\", \"type\": \"default\", \"priority\": 999}',0,'active'),(9424,20136,40,'indran','indran','indran@corp.untd.com','{\"email\": \"indran@corp.untd.com\", \"firstname\": \"Ravindran\", \"lastname\": \"Navaneethan\", \"username\": \"indran\", \"employee_id\": \"sghosh@corp.untd.com\", \"supervisor_email\": \"sghosh@corp.untd.com\"}','2025-08-26 10:21:17','2025-08-26 10:21:17','{\"field\": \"email\", \"type\": \"default\", \"priority\": 999}',0,'active'),(9426,20138,40,'kanil','kanil','kanil@corp.untd.com','{\"email\": \"kanil@corp.untd.com\", \"firstname\": \"Anil\", \"lastname\": \"Kadium\", \"username\": \"kanil\", \"employee_id\": \"mvkris@corp.untd.com\", \"supervisor_email\": \"mvkris@corp.untd.com\"}','2025-08-26 10:21:17','2025-08-26 10:21:17','{\"field\": \"email\", \"type\": \"default\", \"priority\": 999}',0,'active'),(9428,20140,40,'gsapan','gsapan','gsapan@corp.untd.com','{\"email\": \"gsapan@corp.untd.com\", \"firstname\": \"Sapan\", \"lastname\": \"Gupta\", \"username\": \"gsapan\", \"employee_id\": \"pmurali@corp.untd.com\", \"supervisor_email\": \"pmurali@corp.untd.com\"}','2025-08-26 10:21:17','2025-08-26 10:21:17','{\"field\": \"email\", \"type\": \"default\", \"priority\": 999}',0,'active'),(9430,20142,40,'SBala','SBala','SBala@corp.untd.com','{\"email\": \"SBala@corp.untd.com\", \"firstname\": \"Sridharan\", \"lastname\": \"Balamanickam\", \"username\": \"SBala\", \"employee_id\": \"wbowen@corp.untd.com\", \"supervisor_email\": \"wbowen@corp.untd.com\"}','2025-08-26 10:21:17','2025-08-26 10:21:17','{\"field\": \"email\", \"type\": \"default\", \"priority\": 999}',0,'active'),(9432,20144,40,'cvarner','cvarner','cvarner@corp.untd.com','{\"email\": \"cvarner@corp.untd.com\", \"firstname\": \"Curtis\", \"lastname\": \"Varner\", \"username\": \"cvarner\", \"employee_id\": \"aveluppillai@brileyfin.com\", \"supervisor_email\": \"aveluppillai@brileyfin.com\"}','2025-08-26 10:21:17','2025-08-26 10:21:17','{\"field\": \"email\", \"type\": \"default\", \"priority\": 999}',0,'active'),(9434,20146,40,'mthiyaga','mthiyaga','mthiyaga@corp.untd.com','{\"email\": \"mthiyaga@corp.untd.com\", \"firstname\": \"Thiyagarajan\", \"lastname\": \"Muthulakshmanan\", \"username\": \"mthiyaga\", \"employee_id\": \"sghosh@corp.untd.com\", \"supervisor_email\": \"sghosh@corp.untd.com\"}','2025-08-26 10:21:17','2025-08-26 10:21:17','{\"field\": \"email\", \"type\": \"default\", \"priority\": 999}',0,'active'),(9436,20148,40,'dsercu','dsercu','dsercu@corp.untd.com','{\"email\": \"dsercu@corp.untd.com\", \"firstname\": \"Dale\", \"lastname\": \"Sercu\", \"username\": \"dsercu\", \"employee_id\": \"dmilun@corp.untd.com\", \"supervisor_email\": \"dmilun@corp.untd.com\"}','2025-08-26 10:21:17','2025-09-12 05:34:11','{\"field\": \"email\", \"type\": \"default\", \"priority\": 999}',0,'deleted'),(9438,20150,40,'jpeter','jpeter','jpeter@corp.untd.com','{\"email\": \"jpeter@corp.untd.com\", \"firstname\": \"Joshua\", \"lastname\": \"Pottipadu\", \"username\": \"jpeter\", \"employee_id\": \"kanil@corp.untd.com\", \"supervisor_email\": \"kanil@corp.untd.com\"}','2025-08-26 10:21:17','2025-08-26 10:21:17','{\"field\": \"email\", \"type\": \"default\", \"priority\": 999}',0,'active'),(9440,20152,40,'srinig','srinig','srinig@corp.untd.com','{\"email\": \"srinig@corp.untd.com\", \"firstname\": \"Srinivas\", \"lastname\": \"Gurubilli\", \"username\": \"srinig\", \"employee_id\": \"kanil@corp.untd.com\", \"supervisor_email\": \"kanil@corp.untd.com\"}','2025-08-26 10:21:17','2025-08-26 10:21:17','{\"field\": \"email\", \"type\": \"default\", \"priority\": 999}',0,'active'),(9442,20154,40,'kudaya','kudaya','kudaya@corp.untd.com','{\"email\": \"kudaya@corp.untd.com\", \"firstname\": \"Udaya\", \"lastname\": \"Kalaskar\", \"username\": \"kudaya\", \"employee_id\": \"kanil@corp.untd.com\", \"supervisor_email\": \"kanil@corp.untd.com\"}','2025-08-26 10:21:17','2025-08-26 10:21:17','{\"field\": \"email\", \"type\": \"default\", \"priority\": 999}',0,'active'),(9444,20156,40,'maw','maw','maw@brileyfin.com','{\"email\": \"maw@brileyfin.com\", \"firstname\": \"Matthew\", \"lastname\": \"Aw\", \"username\": \"maw\", \"employee_id\": \"pmurphy@brileyfin.com\", \"supervisor_email\": \"pmurphy@brileyfin.com\"}','2025-08-26 10:21:17','2025-08-26 10:21:17','{\"field\": \"email\", \"type\": \"default\", \"priority\": 999}',0,'active'),(9446,20158,40,'smudiyal','smudiyal','smudiyal@corp.untd.com','{\"email\": \"smudiyal@corp.untd.com\", \"firstname\": \"Siva\", \"lastname\": \"Mudiyala\", \"username\": \"smudiyal\", \"employee_id\": \"mvkris@corp.untd.com\", \"supervisor_email\": \"mvkris@corp.untd.com\"}','2025-08-26 10:21:17','2025-08-26 10:21:17','{\"field\": \"email\", \"type\": \"default\", \"priority\": 999}',0,'active'),(9448,20160,40,'jbandini','jbandini','jbandini@corp.untd.com','{\"email\": \"jbandini@corp.untd.com\", \"firstname\": \"Jacqueline\", \"lastname\": \"Bandini\", \"username\": \"jbandini\", \"employee_id\": \"jcook@corp.untd.com\", \"supervisor_email\": \"jcook@corp.untd.com\"}','2025-08-26 10:21:17','2025-08-26 10:21:17','{\"field\": \"email\", \"type\": \"default\", \"priority\": 999}',0,'active'),(9450,20162,40,'eschultz','eschultz','eschultz@corp.untd.com','{\"email\": \"eschultz@corp.untd.com\", \"firstname\": \"Eric\", \"lastname\": \"Schultz\", \"username\": \"eschultz\", \"employee_id\": \"dsercu@corp.untd.com\", \"supervisor_email\": \"dsercu@corp.untd.com\"}','2025-08-26 10:21:17','2025-08-26 10:21:17','{\"field\": \"email\", \"type\": \"default\", \"priority\": 999}',0,'active'),(9452,20164,40,'lsheguri','lsheguri','lsheguri@corp.untd.com','{\"email\": \"lsheguri@corp.untd.com\", \"firstname\": \"Lavanya\", \"lastname\": \"Sheguri\", \"username\": \"lsheguri\", \"employee_id\": \"mvkris@corp.untd.com\", \"supervisor_email\": \"mvkris@corp.untd.com\"}','2025-08-26 10:21:17','2025-08-26 10:21:17','{\"field\": \"email\", \"type\": \"default\", \"priority\": 999}',0,'active'),(9454,20166,40,'ratnakar','ratnakar','ratnakar@corp.untd.com','{\"email\": \"ratnakar@corp.untd.com\", \"firstname\": \"Ratnakar\", \"lastname\": \"Akella\", \"username\": \"ratnakar\", \"employee_id\": \"mvkris@corp.untd.com\", \"supervisor_email\": \"mvkris@corp.untd.com\"}','2025-08-26 10:21:17','2025-08-26 10:21:17','{\"field\": \"email\", \"type\": \"default\", \"priority\": 999}',0,'active'),(9456,20168,40,'mahender','mahender','mahender@corp.untd.com','{\"email\": \"mahender@corp.untd.com\", \"firstname\": \"Mahender\", \"lastname\": \"Balusani\", \"username\": \"mahender\", \"employee_id\": \"sathpv@corp.untd.com\", \"supervisor_email\": \"sathpv@corp.untd.com\"}','2025-08-26 10:21:17','2025-08-26 10:21:17','{\"field\": \"email\", \"type\": \"default\", \"priority\": 999}',0,'active'),(9458,20170,40,'sathpv','sathpv','sathpv@corp.untd.com','{\"email\": \"sathpv@corp.untd.com\", \"firstname\": \"Satheesan\", \"lastname\": \"Periyattu Veetil\", \"username\": \"sathpv\", \"employee_id\": \"sghosh@corp.untd.com\", \"supervisor_email\": \"sghosh@corp.untd.com\"}','2025-08-26 10:21:17','2025-08-26 10:21:17','{\"field\": \"email\", \"type\": \"default\", \"priority\": 999}',0,'active'),(9460,20172,40,'FHoltz','FHoltz','FHoltz@corp.untd.com','{\"email\": \"FHoltz@corp.untd.com\", \"firstname\": \"Fred\", \"lastname\": \"Holtz\", \"username\": \"FHoltz\", \"employee_id\": \"dmilun@corp.untd.com\", \"supervisor_email\": \"dmilun@corp.untd.com\"}','2025-08-26 10:21:17','2025-08-26 10:21:17','{\"field\": \"email\", \"type\": \"default\", \"priority\": 999}',0,'active'),(9462,20174,40,'mvkris','mvkris','mvkris@corp.untd.com','{\"email\": \"mvkris@corp.untd.com\", \"firstname\": \"Venkata\", \"lastname\": \"Meesala\", \"username\": \"mvkris\", \"employee_id\": \"cvarner@corp.untd.com\", \"supervisor_email\": \"cvarner@corp.untd.com\"}','2025-08-26 10:21:17','2025-08-26 10:21:17','{\"field\": \"email\", \"type\": \"default\", \"priority\": 999}',0,'active'),(9464,20176,40,'rpraveen','rpraveen','rpraveen@corp.untd.com','{\"email\": \"rpraveen@corp.untd.com\", \"firstname\": \"Praveen\", \"lastname\": \"Rasaputhra\", \"username\": \"rpraveen\", \"employee_id\": \"pmurali@corp.untd.com\", \"supervisor_email\": \"pmurali@corp.untd.com\"}','2025-08-26 10:21:17','2025-08-26 10:21:17','{\"field\": \"email\", \"type\": \"default\", \"priority\": 999}',0,'active'),(9466,20178,40,'tpavan','tpavan','tpavan@corp.untd.com','{\"email\": \"tpavan@corp.untd.com\", \"firstname\": \"Tharmika Pavan Kumar\", \"lastname\": \"Agnihotram\", \"username\": \"tpavan\", \"employee_id\": \"kanil@corp.untd.com\", \"supervisor_email\": \"kanil@corp.untd.com\"}','2025-08-26 10:21:17','2025-08-26 10:21:17','{\"field\": \"email\", \"type\": \"default\", \"priority\": 999}',0,'active'),(9468,20180,40,'mgontala','mgontala','mgontala@corp.untd.com','{\"email\": \"mgontala@corp.untd.com\", \"firstname\": \"Manoj Kumar\", \"lastname\": \"Gontala\", \"username\": \"mgontala\", \"employee_id\": \"gbasappa@corp.untd.com\", \"supervisor_email\": \"gbasappa@corp.untd.com\"}','2025-08-26 10:21:17','2025-08-26 10:21:17','{\"field\": \"email\", \"type\": \"default\", \"priority\": 999}',0,'active'),(9470,20182,40,'vkande','vkande','vkande@corp.untd.com','{\"email\": \"vkande@corp.untd.com\", \"firstname\": \"Veeraiah\", \"lastname\": \"Kande\", \"username\": \"vkande\", \"employee_id\": \"ratnakar@corp.untd.com\", \"supervisor_email\": \"ratnakar@corp.untd.com\"}','2025-08-26 10:21:17','2025-08-26 10:21:17','{\"field\": \"email\", \"type\": \"default\", \"priority\": 999}',0,'active'),(9472,20184,40,'jmangapa','jmangapa','jmangapa@corp.untd.com','{\"email\": \"jmangapa@corp.untd.com\", \"firstname\": \"Jaswanth\", \"lastname\": \"Mangapatnam\", \"username\": \"jmangapa\", \"employee_id\": \"pmurali@corp.untd.com\", \"supervisor_email\": \"pmurali@corp.untd.com\"}','2025-08-26 10:21:17','2025-08-26 10:21:17','{\"field\": \"email\", \"type\": \"default\", \"priority\": 999}',0,'active'),(9474,20186,40,'jmartinez','jmartinez','jmartinez@brileyfin.com','{\"email\": \"jmartinez@brileyfin.com\", \"firstname\": \"Marjee Reth\", \"lastname\": \"Martinez\", \"username\": \"jmartinez\", \"employee_id\": \"pmurphy@brileyfin.com\", \"supervisor_email\": \"pmurphy@brileyfin.com\"}','2025-08-26 10:21:17','2025-08-26 10:21:17','{\"field\": \"email\", \"type\": \"default\", \"priority\": 999}',0,'active'),(9476,20188,40,'asuresh','asuresh','asuresh@corp.untd.com','{\"email\": \"asuresh@corp.untd.com\", \"firstname\": \"Suresh\", \"lastname\": \"Akkapeddi\", \"username\": \"asuresh\", \"employee_id\": \"lsheguri@corp.untd.com\", \"supervisor_email\": \"lsheguri@corp.untd.com\"}','2025-08-26 10:21:17','2025-08-26 10:21:17','{\"field\": \"email\", \"type\": \"default\", \"priority\": 999}',0,'active'),(9478,20190,40,'rlopez','rlopez','rlopez@brileyfin.com','{\"email\": \"rlopez@brileyfin.com\", \"firstname\": \"Rudy\", \"lastname\": \"Lopez\", \"username\": \"rlopez\", \"employee_id\": \"pmurphy@brileyfin.com\", \"supervisor_email\": \"pmurphy@brileyfin.com\"}','2025-08-26 10:21:17','2025-08-26 10:21:17','{\"field\": \"email\", \"type\": \"default\", \"priority\": 999}',0,'active'),(9480,20192,40,'spotham','spotham','spotham@corp.untd.com','{\"email\": \"spotham@corp.untd.com\", \"firstname\": \"Satyanarayana\", \"lastname\": \"Potham\", \"username\": \"spotham\", \"employee_id\": \"indran@corp.untd.com\", \"supervisor_email\": \"indran@corp.untd.com\"}','2025-08-26 10:21:17','2025-08-26 10:21:17','{\"field\": \"email\", \"type\": \"default\", \"priority\": 999}',0,'active'),(9482,20194,40,'kimmanen','kimmanen','kimmanen@corp.untd.com','{\"email\": \"kimmanen@corp.untd.com\", \"firstname\": \"Kalyan\", \"lastname\": \"Immaneni\", \"username\": \"kimmanen\", \"employee_id\": \"smudiyal@corp.untd.com\", \"supervisor_email\": \"smudiyal@corp.untd.com\"}','2025-08-26 10:21:17','2025-08-26 10:21:17','{\"field\": \"email\", \"type\": \"default\", \"priority\": 999}',0,'active'),(9484,20196,40,'pmurphy','pmurphy','pmurphy@brileyfin.com','{\"email\": \"pmurphy@brileyfin.com\", \"firstname\": \"Patrick\", \"lastname\": \"Murphy\", \"username\": \"pmurphy\", \"employee_id\": \"\", \"supervisor_email\": \"\"}','2025-08-26 10:21:17','2025-08-26 10:21:17','{\"field\": \"email\", \"type\": \"default\", \"priority\": 999}',0,'active'),(9486,20198,40,'pmurali','pmurali','pmurali@corp.untd.com','{\"email\": \"pmurali@corp.untd.com\", \"firstname\": \"Murali\", \"lastname\": \"Pachipala\", \"username\": \"pmurali\", \"employee_id\": \"mvkris@corp.untd.com\", \"supervisor_email\": \"mvkris@corp.untd.com\"}','2025-08-26 10:21:17','2025-08-26 10:21:17','{\"field\": \"email\", \"type\": \"default\", \"priority\": 999}',0,'active'),(9488,20200,40,'rkapart','rkapart','rkapart@corp.untd.com','{\"email\": \"rkapart@corp.untd.com\", \"firstname\": \"Ramesh\", \"lastname\": \"Kaparthi\", \"username\": \"rkapart\", \"employee_id\": \"sathpv@corp.untd.com\", \"supervisor_email\": \"sathpv@corp.untd.com\"}','2025-08-26 10:21:17','2025-08-26 10:21:17','{\"field\": \"email\", \"type\": \"default\", \"priority\": 999}',0,'active'),(9490,20202,40,'kmedi','kmedi','kmedi@corp.untd.com','{\"email\": \"kmedi@corp.untd.com\", \"firstname\": \"Kishore\", \"lastname\": \"Mediboyina\", \"username\": \"kmedi\", \"employee_id\": \"pmurali@corp.untd.com\", \"supervisor_email\": \"pmurali@corp.untd.com\"}','2025-08-26 10:21:17','2025-08-26 10:21:17','{\"field\": \"email\", \"type\": \"default\", \"priority\": 999}',0,'active'),(9492,20204,40,'aking','aking','aking@corp.untd.com','{\"email\": \"aking@corp.untd.com\", \"firstname\": \"Allison\", \"lastname\": \"King\", \"username\": \"aking\", \"employee_id\": \"cvarner@corp.untd.com\", \"supervisor_email\": \"cvarner@corp.untd.com\"}','2025-08-26 10:21:17','2025-08-26 10:21:17','{\"field\": \"email\", \"type\": \"default\", \"priority\": 999}',0,'active'),(9494,20206,40,'mbaba','mbaba','mbaba@corp.untd.com','{\"email\": \"mbaba@corp.untd.com\", \"firstname\": \"Irshad\", \"lastname\": \"Mohammed\", \"username\": \"mbaba\", \"employee_id\": \"srinig@corp.untd.com\", \"supervisor_email\": \"srinig@corp.untd.com\"}','2025-08-26 10:21:17','2025-08-26 10:21:17','{\"field\": \"email\", \"type\": \"default\", \"priority\": 999}',0,'active'),(9496,20208,40,'pnangun','pnangun','pnangun@corp.untd.com','{\"email\": \"pnangun@corp.untd.com\", \"firstname\": \"Praveen\", \"lastname\": \"Nangunoori\", \"username\": \"pnangun\", \"employee_id\": \"gbasappa@corp.untd.com\", \"supervisor_email\": \"gbasappa@corp.untd.com\"}','2025-08-26 10:21:17','2025-08-26 10:21:17','{\"field\": \"email\", \"type\": \"default\", \"priority\": 999}',0,'active'),(9498,20210,40,'vsai','vsai','vsai@corp.untd.com','{\"email\": \"vsai@corp.untd.com\", \"firstname\": \"Sai\", \"lastname\": \"Veldurti\", \"username\": \"vsai\", \"employee_id\": \"lsheguri@corp.untd.com\", \"supervisor_email\": \"lsheguri@corp.untd.com\"}','2025-08-26 10:21:17','2025-08-26 10:21:17','{\"field\": \"email\", \"type\": \"default\", \"priority\": 999}',0,'active'),(9500,20212,40,'agabrielyan','agabrielyan','agabrielyan@corp.untd.com','{\"email\": \"agabrielyan@corp.untd.com\", \"firstname\": \"Ashot\", \"lastname\": \"Gabrielyan\", \"username\": \"agabrielyan\", \"employee_id\": \"karambulo@corp.untd.com\", \"supervisor_email\": \"karambulo@corp.untd.com\"}','2025-08-26 10:21:17','2025-08-26 10:21:17','{\"field\": \"email\", \"type\": \"default\", \"priority\": 999}',0,'active'),(9502,20214,40,'dvadlam','dvadlam','dvadlam@corp.untd.com','{\"email\": \"dvadlam@corp.untd.com\", \"firstname\": \"Sarma\", \"lastname\": \"Vadlamani\", \"username\": \"dvadlam\", \"employee_id\": \"ratnakar@corp.untd.com\", \"supervisor_email\": \"ratnakar@corp.untd.com\"}','2025-08-26 10:21:17','2025-08-26 10:21:17','{\"field\": \"email\", \"type\": \"default\", \"priority\": 999}',0,'active'),(9504,20216,40,'jcook','jcook','jcook@corp.untd.com','{\"email\": \"jcook@corp.untd.com\", \"firstname\": \"Jenell\", \"lastname\": \"Cook\", \"username\": \"jcook\", \"employee_id\": \"cvarner@corp.untd.com\", \"supervisor_email\": \"cvarner@corp.untd.com\"}','2025-08-26 10:21:17','2025-08-26 10:21:17','{\"field\": \"email\", \"type\": \"default\", \"priority\": 999}',0,'active'),(9506,20218,40,'aveluppillai','aveluppillai','aveluppillai@brileyfin.com','{\"email\": \"aveluppillai@brileyfin.com\", \"firstname\": \"Ananthan\", \"lastname\": \"Veluppillai\", \"username\": \"aveluppillai\", \"employee_id\": \"\", \"supervisor_email\": \"\"}','2025-08-26 10:21:17','2025-08-26 10:21:17','{\"field\": \"email\", \"type\": \"default\", \"priority\": 999}',0,'active'),(9508,20220,40,'mkgali','mkgali','mkgali@corp.untd.com','{\"email\": \"mkgali@corp.untd.com\", \"firstname\": \"Mani\", \"lastname\": \"Gali\", \"username\": \"mkgali\", \"employee_id\": \"kudaya@corp.untd.com\", \"supervisor_email\": \"kudaya@corp.untd.com\"}','2025-08-26 10:21:17','2025-08-26 10:21:17','{\"field\": \"email\", \"type\": \"default\", \"priority\": 999}',0,'active'),(9510,20222,40,'tkelleher','tkelleher','tkelleher@brileyco.com','{\"email\": \"tkelleher@brileyco.com\", \"firstname\": \"Tom\", \"lastname\": \"Kelleher\", \"username\": \"tkelleher\", \"employee_id\": \"\", \"supervisor_email\": \"\"}','2025-08-26 10:21:17','2025-08-26 10:21:17','{\"field\": \"email\", \"type\": \"default\", \"priority\": 999}',0,'active'),(9512,20224,40,'mbiener','mbiener','mbiener@brileyco.com','{\"email\": \"mbiener@brileyco.com\", \"firstname\": \"Michael\", \"lastname\": \"Biener\", \"username\": \"mbiener\", \"employee_id\": \"\", \"supervisor_email\": \"\"}','2025-08-26 10:21:17','2025-08-26 10:21:17','{\"field\": \"email\", \"type\": \"default\", \"priority\": 999}',0,'active'),(9514,20226,40,'gchase','gchase','gchase@brileyco.com','{\"email\": \"gchase@brileyco.com\", \"firstname\": \"Gary\", \"lastname\": \"Chase\", \"username\": \"gchase\", \"employee_id\": \"\", \"supervisor_email\": \"\"}','2025-08-26 10:21:17','2025-08-26 10:21:17','{\"field\": \"email\", \"type\": \"default\", \"priority\": 999}',0,'active'),(9516,20228,40,'cmcginley','cmcginley','cmcginley@greatamerican.com','{\"email\": \"cmcginley@greatamerican.com\", \"firstname\": \"Christopher\", \"lastname\": \"McGinley\", \"username\": \"cmcginley\", \"employee_id\": \"\", \"supervisor_email\": \"\"}','2025-08-26 10:21:17','2025-08-26 10:21:17','{\"field\": \"email\", \"type\": \"default\", \"priority\": 999}',0,'active'),(9518,20230,40,'Elangova','Elangova','Elangova@corp.untd.com','{\"email\": \"Elangova@corp.untd.com\", \"firstname\": \"Elangovan\", \"lastname\": \"O K\", \"username\": \"Elangova\", \"employee_id\": \"mthiyaga@corp.untd.com\", \"supervisor_email\": \"mthiyaga@corp.untd.com\"}','2025-08-26 10:21:17','2025-08-26 10:21:17','{\"field\": \"email\", \"type\": \"default\", \"priority\": 999}',0,'active'),(9520,20232,40,'jnirmal','jnirmal','jnirmal@corp.untd.com','{\"email\": \"jnirmal@corp.untd.com\", \"firstname\": \"Nirmal\", \"lastname\": \"Jhiloria\", \"username\": \"jnirmal\", \"employee_id\": \"sghosh@corp.untd.com\", \"supervisor_email\": \"sghosh@corp.untd.com\"}','2025-08-26 10:21:17','2025-08-26 10:21:17','{\"field\": \"email\", \"type\": \"default\", \"priority\": 999}',0,'active'),(9522,20234,40,'mvhema','mvhema','mvhema@corp.untd.com','{\"email\": \"mvhema@corp.untd.com\", \"firstname\": \"Hema\", \"lastname\": \"Magapu\", \"username\": \"mvhema\", \"employee_id\": \"mahender@corp.untd.com\", \"supervisor_email\": \"mahender@corp.untd.com\"}','2025-08-26 10:21:17','2025-08-26 10:21:17','{\"field\": \"email\", \"type\": \"default\", \"priority\": 999}',0,'active'),(9524,20236,40,'prprabhu','prprabhu','prprabhu@corp.untd.com','{\"email\": \"prprabhu@corp.untd.com\", \"firstname\": \"Rameshprabhu\", \"lastname\": \"Palani\", \"username\": \"prprabhu\", \"employee_id\": \"mahender@corp.untd.com\", \"supervisor_email\": \"mahender@corp.untd.com\"}','2025-08-26 10:21:17','2025-08-26 10:21:17','{\"field\": \"email\", \"type\": \"default\", \"priority\": 999}',0,'active'),(9526,20238,40,'ssriram','ssriram','ssriram@corp.untd.com','{\"email\": \"ssriram@corp.untd.com\", \"firstname\": \"Sriram\", \"lastname\": \"Saranga\", \"username\": \"ssriram\", \"employee_id\": \"mthiyaga@corp.untd.com\", \"supervisor_email\": \"mthiyaga@corp.untd.com\"}','2025-08-26 10:21:17','2025-08-26 10:21:17','{\"field\": \"email\", \"type\": \"default\", \"priority\": 999}',0,'active'),(9528,20240,40,'slakshmi','slakshmi','slakshmi@corp.untd.com','{\"email\": \"slakshmi@corp.untd.com\", \"firstname\": \"Lakshmi\", \"lastname\": \"Sarilla\", \"username\": \"slakshmi\", \"employee_id\": \"sghosh@corp.untd.com\", \"supervisor_email\": \"sghosh@corp.untd.com\"}','2025-08-26 10:21:17','2025-08-26 10:21:17','{\"field\": \"email\", \"type\": \"default\", \"priority\": 999}',0,'active'),(9530,20242,40,'nsivan','nsivan','nsivan@corp.untd.com','{\"email\": \"nsivan@corp.untd.com\", \"firstname\": \"Nandakumar\", \"lastname\": \"S\", \"username\": \"nsivan\", \"employee_id\": \"indran@corp.untd.com\", \"supervisor_email\": \"indran@corp.untd.com\"}','2025-08-26 10:21:17','2025-08-26 10:21:17','{\"field\": \"email\", \"type\": \"default\", \"priority\": 999}',0,'active'),(9532,20244,40,'amadduri','amadduri','amadduri@corp.untd.com','{\"email\": \"amadduri@corp.untd.com\", \"firstname\": \"Abhishek\", \"lastname\": \"Madduri\", \"username\": \"amadduri\", \"employee_id\": \"smudiyal@corp.untd.com\", \"supervisor_email\": \"smudiyal@corp.untd.com\"}','2025-08-26 10:21:17','2025-08-26 10:21:17','{\"field\": \"email\", \"type\": \"default\", \"priority\": 999}',0,'active'),(9534,20246,40,'scchalla','scchalla','scchalla@corp.untd.com','{\"email\": \"scchalla@corp.untd.com\", \"firstname\": \"Suresh\", \"lastname\": \"Challa\", \"username\": \"scchalla\", \"employee_id\": \"ratnakar@corp.untd.com\", \"supervisor_email\": \"ratnakar@corp.untd.com\"}','2025-08-26 10:21:17','2025-08-26 10:21:17','{\"field\": \"email\", \"type\": \"default\", \"priority\": 999}',0,'active'),(9536,20248,40,'kpittala','kpittala','kpittala@corp.untd.com','{\"email\": \"kpittala@corp.untd.com\", \"firstname\": \"Krishna\", \"lastname\": \"Pittala\", \"username\": \"kpittala\", \"employee_id\": \"mthiyaga@corp.untd.com\", \"supervisor_email\": \"mthiyaga@corp.untd.com\"}','2025-08-26 10:21:17','2025-08-26 10:21:17','{\"field\": \"email\", \"type\": \"default\", \"priority\": 999}',0,'active'),(9538,20250,40,'vyenda','vyenda','vyenda@corp.untd.com','{\"email\": \"vyenda@corp.untd.com\", \"firstname\": \"Veerabrahmam\", \"lastname\": \"Yendapalli\", \"username\": \"vyenda\", \"employee_id\": \"kudaya@corp.untd.com\", \"supervisor_email\": \"kudaya@corp.untd.com\"}','2025-08-26 10:21:17','2025-08-26 10:21:17','{\"field\": \"email\", \"type\": \"default\", \"priority\": 999}',0,'active'),(9540,20252,40,'rvallur','rvallur','rvallur@corp.untd.com','{\"email\": \"rvallur@corp.untd.com\", \"firstname\": \"Rajesh\", \"lastname\": \"Valluri\", \"username\": \"rvallur\", \"employee_id\": \"kudaya@corp.untd.com\", \"supervisor_email\": \"kudaya@corp.untd.com\"}','2025-08-26 10:21:17','2025-08-26 10:21:17','{\"field\": \"email\", \"type\": \"default\", \"priority\": 999}',0,'active'),(9542,20254,40,'dnagaram','dnagaram','dnagaram@corp.untd.com','{\"email\": \"dnagaram@corp.untd.com\", \"firstname\": \"Dilip Kumar\", \"lastname\": \"Nagaram\", \"username\": \"dnagaram\", \"employee_id\": \"kudaya@corp.untd.com\", \"supervisor_email\": \"kudaya@corp.untd.com\"}','2025-08-26 10:21:17','2025-08-26 10:21:17','{\"field\": \"email\", \"type\": \"default\", \"priority\": 999}',0,'active'),(9544,20256,40,'steve.sabados','steve.sabados','steve.sabados@magicjack.com','{\"email\": \"steve.sabados@magicjack.com\", \"firstname\": \"Steven\", \"lastname\": \"Sabados\", \"username\": \"steve.sabados\", \"employee_id\": \"dmilun@corp.untd.com\", \"supervisor_email\": \"dmilun@corp.untd.com\"}','2025-08-26 10:21:17','2025-08-26 10:21:17','{\"field\": \"email\", \"type\": \"default\", \"priority\": 999}',0,'active'),(9546,20258,40,'narendra','narendra','narendra@corp.untd.com','{\"email\": \"narendra@corp.untd.com\", \"firstname\": \"Narendra\", \"lastname\": \"P. G. V. V.\", \"username\": \"narendra\", \"employee_id\": \"smudiyal@corp.untd.com\", \"supervisor_email\": \"smudiyal@corp.untd.com\"}','2025-08-26 10:21:17','2025-08-26 10:21:17','{\"field\": \"email\", \"type\": \"default\", \"priority\": 999}',0,'active'),(9548,20260,40,'craig.lambert','craig.lambert','craig.lambert@magicjack.com','{\"email\": \"craig.lambert@magicjack.com\", \"firstname\": \"Craig\", \"lastname\": \"Lambert\", \"username\": \"craig.lambert\", \"employee_id\": \"steve.sabados@magicjack.com\", \"supervisor_email\": \"steve.sabados@magicjack.com\"}','2025-08-26 10:21:17','2025-08-26 10:21:17','{\"field\": \"email\", \"type\": \"default\", \"priority\": 999}',0,'active'),(9550,20262,40,'laurie.frank','laurie.frank','laurie.frank@magicjack.com','{\"email\": \"laurie.frank@magicjack.com\", \"firstname\": \"Laurie\", \"lastname\": \"Frank\", \"username\": \"laurie.frank\", \"employee_id\": \"aveluppillai@brileyfin.com\", \"supervisor_email\": \"aveluppillai@brileyfin.com\"}','2025-08-26 10:21:17','2025-08-26 10:21:17','{\"field\": \"email\", \"type\": \"default\", \"priority\": 999}',0,'active'),(9552,20264,40,'lane.shackelford','lane.shackelford','lane.shackelford@magicjack.com','{\"email\": \"lane.shackelford@magicjack.com\", \"firstname\": \"Lane\", \"lastname\": \"Shackelford\", \"username\": \"lane.shackelford\", \"employee_id\": \"steve.sabados@magicjack.com\", \"supervisor_email\": \"steve.sabados@magicjack.com\"}','2025-08-26 10:21:17','2025-08-26 10:21:17','{\"field\": \"email\", \"type\": \"default\", \"priority\": 999}',0,'active'),(9554,20266,40,'jonathan.wang','jonathan.wang','jonathan.wang@magicjack.com','{\"email\": \"jonathan.wang@magicjack.com\", \"firstname\": \"Jonathan\", \"lastname\": \"Wang\", \"username\": \"jonathan.wang\", \"employee_id\": \"cvarner@corp.untd.com\", \"supervisor_email\": \"cvarner@corp.untd.com\"}','2025-08-26 10:21:17','2025-08-26 10:21:17','{\"field\": \"email\", \"type\": \"default\", \"priority\": 999}',0,'active'),(9556,20268,40,'frank.yuan','frank.yuan','frank.yuan@magicjack.com','{\"email\": \"frank.yuan@magicjack.com\", \"firstname\": \"Fuliang\", \"lastname\": \"Yuan\", \"username\": \"frank.yuan\", \"employee_id\": \"jonathan.wang@magicjack.com\", \"supervisor_email\": \"jonathan.wang@magicjack.com\"}','2025-08-26 10:21:17','2025-08-26 10:21:17','{\"field\": \"email\", \"type\": \"default\", \"priority\": 999}',0,'active'),(9558,20270,40,'bin.li','bin.li','bin.li@magicjack.com','{\"email\": \"bin.li@magicjack.com\", \"firstname\": \"Bin\", \"lastname\": \"Li\", \"username\": \"bin.li\", \"employee_id\": \"jonathan.wang@magicjack.com\", \"supervisor_email\": \"jonathan.wang@magicjack.com\"}','2025-08-26 10:21:17','2025-08-26 10:21:17','{\"field\": \"email\", \"type\": \"default\", \"priority\": 999}',0,'active'),(9560,20272,40,'chris.baumgartner','chris.baumgartner','chris.baumgartner@magicjack.com','{\"email\": \"chris.baumgartner@magicjack.com\", \"firstname\": \"Chris\", \"lastname\": \"Baumgartner\", \"username\": \"chris.baumgartner\", \"employee_id\": \"jonathan.wang@magicjack.com\", \"supervisor_email\": \"jonathan.wang@magicjack.com\"}','2025-08-26 10:21:17','2025-08-26 10:21:17','{\"field\": \"email\", \"type\": \"default\", \"priority\": 999}',0,'active'),(9562,20274,40,'craja','craja','craja@corp.untd.com','{\"email\": \"craja@corp.untd.com\", \"firstname\": \"Rajashekhar\", \"lastname\": \"Chirunancha\", \"username\": \"craja\", \"employee_id\": \"sghosh@corp.untd.com\", \"supervisor_email\": \"sghosh@corp.untd.com\"}','2025-08-26 10:21:17','2025-08-26 10:21:17','{\"field\": \"email\", \"type\": \"default\", \"priority\": 999}',0,'active'),(9564,20276,40,'rmounica','rmounica','rmounica@corp.untd.com','{\"email\": \"rmounica@corp.untd.com\", \"firstname\": \"Mounica\", \"lastname\": \"Reddy\", \"username\": \"rmounica\", \"employee_id\": \"jmangapa@corp.untd.com\", \"supervisor_email\": \"jmangapa@corp.untd.com\"}','2025-08-26 10:21:17','2025-08-26 10:21:17','{\"field\": \"email\", \"type\": \"default\", \"priority\": 999}',0,'active'),(9566,20278,40,'tsiva','tsiva','tsiva@corp.untd.com','{\"email\": \"tsiva@corp.untd.com\", \"firstname\": \"Siva\", \"lastname\": \"Tammina\", \"username\": \"tsiva\", \"employee_id\": \"gsapan@corp.untd.com\", \"supervisor_email\": \"gsapan@corp.untd.com\"}','2025-08-26 10:21:17','2025-08-26 10:21:17','{\"field\": \"email\", \"type\": \"default\", \"priority\": 999}',0,'active'),(9568,20280,40,'tmohan','tmohan','tmohan@corp.untd.com','{\"email\": \"tmohan@corp.untd.com\", \"firstname\": \"Mohan Chand\", \"lastname\": \"Tipirneni\", \"username\": \"tmohan\", \"employee_id\": \"narendra@corp.untd.com\", \"supervisor_email\": \"narendra@corp.untd.com\"}','2025-08-26 10:21:17','2025-08-26 10:21:17','{\"field\": \"email\", \"type\": \"default\", \"priority\": 999}',0,'active'),(9570,20282,40,'danilo.cruz','danilo.cruz','danilo.cruz@ymaxcorp.com','{\"email\": \"danilo.cruz@ymaxcorp.com\", \"firstname\": \"Danilo\", \"lastname\": \"Cruz\", \"username\": \"danilo.cruz\", \"employee_id\": \"aveluppillai@brileyfin.com\", \"supervisor_email\": \"aveluppillai@brileyfin.com\"}','2025-08-26 10:21:17','2025-08-26 10:21:17','{\"field\": \"email\", \"type\": \"default\", \"priority\": 999}',0,'active'),(9572,20284,40,'akhila','akhila','akhila@corp.untd.com','{\"email\": \"akhila@corp.untd.com\", \"firstname\": \"Akhila\", \"lastname\": \"Pathuri\", \"username\": \"akhila\", \"employee_id\": \"kmedi@corp.untd.com\", \"supervisor_email\": \"kmedi@corp.untd.com\"}','2025-08-26 10:21:17','2025-08-26 10:21:17','{\"field\": \"email\", \"type\": \"default\", \"priority\": 999}',0,'active'),(9574,20286,40,'jayak','jayak','jayak@corp.untd.com','{\"email\": \"jayak@corp.untd.com\", \"firstname\": \"Jaya Sree\", \"lastname\": \"Katukuri\", \"username\": \"jayak\", \"employee_id\": \"gsapan@corp.untd.com\", \"supervisor_email\": \"gsapan@corp.untd.com\"}','2025-08-26 10:21:17','2025-08-26 10:21:17','{\"field\": \"email\", \"type\": \"default\", \"priority\": 999}',0,'active'),(9576,20288,40,'kvtejesh','kvtejesh','kvtejesh@corp.untd.com','{\"email\": \"kvtejesh@corp.untd.com\", \"firstname\": \"Venkat\", \"lastname\": \"Kotari\", \"username\": \"kvtejesh\", \"employee_id\": \"kudaya@corp.untd.com\", \"supervisor_email\": \"kudaya@corp.untd.com\"}','2025-08-26 10:21:17','2025-08-26 10:21:17','{\"field\": \"email\", \"type\": \"default\", \"priority\": 999}',0,'active'),(9578,20290,40,'yburuju','yburuju','yburuju@corp.untd.com','{\"email\": \"yburuju@corp.untd.com\", \"firstname\": \"Yeshwanth\", \"lastname\": \"Buruju\", \"username\": \"yburuju\", \"employee_id\": \"jmangapa@corp.untd.com\", \"supervisor_email\": \"jmangapa@corp.untd.com\"}','2025-08-26 10:21:17','2025-08-26 10:21:17','{\"field\": \"email\", \"type\": \"default\", \"priority\": 999}',0,'active'),(9580,20292,40,'ysatya','ysatya','ysatya@corp.untd.com','{\"email\": \"ysatya@corp.untd.com\", \"firstname\": \"Satya Rajashekar\", \"lastname\": \"Yasarapu\", \"username\": \"ysatya\", \"employee_id\": \"rpraveen@corp.untd.com\", \"supervisor_email\": \"rpraveen@corp.untd.com\"}','2025-08-26 10:21:17','2025-08-26 10:21:17','{\"field\": \"email\", \"type\": \"default\", \"priority\": 999}',0,'active'),(9582,20294,40,'edward.graybeal','edward.graybeal','edward.graybeal@magicjack.com','{\"email\": \"edward.graybeal@magicjack.com\", \"firstname\": \"Edward\", \"lastname\": \"Graybeal\", \"username\": \"edward.graybeal\", \"employee_id\": \"danilo.cruz@ymaxcorp.com\", \"supervisor_email\": \"danilo.cruz@ymaxcorp.com\"}','2025-08-26 10:21:17','2025-08-26 10:21:17','{\"field\": \"email\", \"type\": \"default\", \"priority\": 999}',0,'active'),(9584,20296,40,'tgowtham','tgowtham','tgowtham@corp.untd.com','{\"email\": \"tgowtham@corp.untd.com\", \"firstname\": \"Veera Venkata Sai\", \"lastname\": \"Tirumalasetty\", \"username\": \"tgowtham\", \"employee_id\": \"jmangapa@corp.untd.com\", \"supervisor_email\": \"jmangapa@corp.untd.com\"}','2025-08-26 10:21:17','2025-08-26 10:21:17','{\"field\": \"email\", \"type\": \"default\", \"priority\": 999}',0,'active'),(9586,20298,40,'csravya','csravya','csravya@corp.untd.com','{\"email\": \"csravya@corp.untd.com\", \"firstname\": \"Sravya\", \"lastname\": \"Challa\", \"username\": \"csravya\", \"employee_id\": \"spotham@corp.untd.com\", \"supervisor_email\": \"spotham@corp.untd.com\"}','2025-08-26 10:21:17','2025-08-26 10:21:17','{\"field\": \"email\", \"type\": \"default\", \"priority\": 999}',0,'active'),(9588,20300,40,'gssireesha','gssireesha','gssireesha@corp.untd.com','{\"email\": \"gssireesha@corp.untd.com\", \"firstname\": \"Sai Sireesha\", \"lastname\": \"Gembali\", \"username\": \"gssireesha\", \"employee_id\": \"mthiyaga@corp.untd.com\", \"supervisor_email\": \"mthiyaga@corp.untd.com\"}','2025-08-26 10:21:17','2025-08-26 10:21:17','{\"field\": \"email\", \"type\": \"default\", \"priority\": 999}',0,'active'),(9590,20302,40,'sakhil','sakhil','sakhil@corp.untd.com','{\"email\": \"sakhil@corp.untd.com\", \"firstname\": \"Akhil\", \"lastname\": \"Shivarla\", \"username\": \"sakhil\", \"employee_id\": \"spotham@corp.untd.com\", \"supervisor_email\": \"spotham@corp.untd.com\"}','2025-08-26 10:21:17','2025-08-26 10:21:17','{\"field\": \"email\", \"type\": \"default\", \"priority\": 999}',0,'active'),(9592,20304,40,'svijaykumar','svijaykumar','svijaykumar@corp.untd.com','{\"email\": \"svijaykumar@corp.untd.com\", \"firstname\": \"Vijaykumar\", \"lastname\": \"Surjan\", \"username\": \"svijaykumar\", \"employee_id\": \"kudaya@corp.untd.com\", \"supervisor_email\": \"kudaya@corp.untd.com\"}','2025-08-26 10:21:17','2025-08-26 10:21:17','{\"field\": \"email\", \"type\": \"default\", \"priority\": 999}',0,'active'),(9594,20306,40,'kraghu','kraghu','kraghu@corp.untd.com','{\"email\": \"kraghu@corp.untd.com\", \"firstname\": \"Raghu Ram\", \"lastname\": \"Kollati\", \"username\": \"kraghu\", \"employee_id\": \"kmedi@corp.untd.com\", \"supervisor_email\": \"kmedi@corp.untd.com\"}','2025-08-26 10:21:17','2025-08-26 10:21:17','{\"field\": \"email\", \"type\": \"default\", \"priority\": 999}',0,'active'),(9596,20308,40,'mgovardhan','mgovardhan','mgovardhan@corp.untd.com','{\"email\": \"mgovardhan@corp.untd.com\", \"firstname\": \"Govardhan\", \"lastname\": \"Mudimadugula\", \"username\": \"mgovardhan\", \"employee_id\": \"kmedi@corp.untd.com\", \"supervisor_email\": \"kmedi@corp.untd.com\"}','2025-08-26 10:21:17','2025-08-26 10:21:17','{\"field\": \"email\", \"type\": \"default\", \"priority\": 999}',0,'active'),(9598,20310,40,'maditya','maditya','maditya@corp.untd.com','{\"email\": \"maditya@corp.untd.com\", \"firstname\": \"Naga Venkata\", \"lastname\": \"M\", \"username\": \"maditya\", \"employee_id\": \"ratnakar@corp.untd.com\", \"supervisor_email\": \"ratnakar@corp.untd.com\"}','2025-08-26 10:21:17','2025-08-26 10:21:17','{\"field\": \"email\", \"type\": \"default\", \"priority\": 999}',0,'active'),(9600,20312,40,'dsandeep','dsandeep','dsandeep@corp.untd.com','{\"email\": \"dsandeep@corp.untd.com\", \"firstname\": \"Sandeep\", \"lastname\": \"Dorishetti\", \"username\": \"dsandeep\", \"employee_id\": \"kanil@corp.untd.com\", \"supervisor_email\": \"kanil@corp.untd.com\"}','2025-08-26 10:21:17','2025-08-26 10:21:17','{\"field\": \"email\", \"type\": \"default\", \"priority\": 999}',0,'active'),(9602,20314,40,'ashfauqs','ashfauqs','ashfauqs@corp.untd.com','{\"email\": \"ashfauqs@corp.untd.com\", \"firstname\": \"Ashfauq\", \"lastname\": \"Shaik\", \"username\": \"ashfauqs\", \"employee_id\": \"gsapan@corp.untd.com\", \"supervisor_email\": \"gsapan@corp.untd.com\"}','2025-08-26 10:21:17','2025-08-26 10:21:17','{\"field\": \"email\", \"type\": \"default\", \"priority\": 999}',0,'active'),(9604,20316,40,'vasanthv','vasanthv','vasanthv@corp.untd.com','{\"email\": \"vasanthv@corp.untd.com\", \"firstname\": \"Vasanth Kumar\", \"lastname\": \"V\", \"username\": \"vasanthv\", \"employee_id\": \"kraghu@corp.untd.com\", \"supervisor_email\": \"kraghu@corp.untd.com\"}','2025-08-26 10:21:17','2025-08-26 10:21:17','{\"field\": \"email\", \"type\": \"default\", \"priority\": 999}',0,'active'),(9606,20318,40,'thumphrey','thumphrey','thumphrey@credomobile.com','{\"email\": \"thumphrey@credomobile.com\", \"firstname\": \"Thomas\", \"lastname\": \"Humphrey\", \"username\": \"thumphrey\", \"employee_id\": \"steve.sabados@magicjack.com\", \"supervisor_email\": \"steve.sabados@magicjack.com\"}','2025-08-26 10:21:17','2025-08-26 10:21:17','{\"field\": \"email\", \"type\": \"default\", \"priority\": 999}',0,'active'),(9608,20320,40,'lschwindt','lschwindt','lschwindt@credomobile.com','{\"email\": \"lschwindt@credomobile.com\", \"firstname\": \"Lonnie\", \"lastname\": \"Schwindt\", \"username\": \"lschwindt\", \"employee_id\": \"dsercu@corp.untd.com\", \"supervisor_email\": \"dsercu@corp.untd.com\"}','2025-08-26 10:21:17','2025-08-26 10:21:17','{\"field\": \"email\", \"type\": \"default\", \"priority\": 999}',0,'active'),(9610,20322,40,'gsaidurga','gsaidurga','gsaidurga@corp.untd.com','{\"email\": \"gsaidurga@corp.untd.com\", \"firstname\": \"Saidurga\", \"lastname\": \"Gagguri\", \"username\": \"gsaidurga\", \"employee_id\": \"nsivan@corp.untd.com\", \"supervisor_email\": \"nsivan@corp.untd.com\"}','2025-08-26 10:21:17','2025-08-26 10:21:17','{\"field\": \"email\", \"type\": \"default\", \"priority\": 999}',0,'active'),(9612,20324,40,'mkhandyana','mkhandyana','mkhandyana@corp.untd.com','{\"email\": \"mkhandyana@corp.untd.com\", \"firstname\": \"Madhuri\", \"lastname\": \"Khandyana\", \"username\": \"mkhandyana\", \"employee_id\": \"sghosh@corp.untd.com\", \"supervisor_email\": \"sghosh@corp.untd.com\"}','2025-08-26 10:21:17','2025-08-26 10:21:17','{\"field\": \"email\", \"type\": \"default\", \"priority\": 999}',0,'active'),(9614,20326,40,'mvarshitha','mvarshitha','mvarshitha@corp.untd.com','{\"email\": \"mvarshitha@corp.untd.com\", \"firstname\": \"Varshitha\", \"lastname\": \"Manugu\", \"username\": \"mvarshitha\", \"employee_id\": \"jnirmal@corp.untd.com\", \"supervisor_email\": \"jnirmal@corp.untd.com\"}','2025-08-26 10:21:17','2025-08-26 10:21:17','{\"field\": \"email\", \"type\": \"default\", \"priority\": 999}',0,'active'),(9616,20328,40,'mhaashim','mhaashim','mhaashim@corp.untd.com','{\"email\": \"mhaashim@corp.untd.com\", \"firstname\": \"Haashim\", \"lastname\": \"Muhammad\", \"username\": \"mhaashim\", \"employee_id\": \"sghosh@corp.untd.com\", \"supervisor_email\": \"sghosh@corp.untd.com\"}','2025-08-26 10:21:17','2025-08-26 10:21:17','{\"field\": \"email\", \"type\": \"default\", \"priority\": 999}',0,'active'),(9618,20330,40,'njayasri','njayasri','njayasri@corp.untd.com','{\"email\": \"njayasri@corp.untd.com\", \"firstname\": \"Jayasri\", \"lastname\": \"Nutakki\", \"username\": \"njayasri\", \"employee_id\": \"rkapart@corp.untd.com\", \"supervisor_email\": \"rkapart@corp.untd.com\"}','2025-08-26 10:21:17','2025-08-26 10:21:17','{\"field\": \"email\", \"type\": \"default\", \"priority\": 999}',0,'active'),(9620,20332,40,'ssavitri','ssavitri','ssavitri@corp.untd.com','{\"email\": \"ssavitri@corp.untd.com\", \"firstname\": \"Savitri\", \"lastname\": \"Samayamantula\", \"username\": \"ssavitri\", \"employee_id\": \"kimmanen@corp.untd.com\", \"supervisor_email\": \"kimmanen@corp.untd.com\"}','2025-08-26 10:21:17','2025-08-26 10:21:17','{\"field\": \"email\", \"type\": \"default\", \"priority\": 999}',0,'active'),(9622,20334,40,'snikhila','snikhila','snikhila@corp.untd.com','{\"email\": \"snikhila@corp.untd.com\", \"firstname\": \"Nikhila\", \"lastname\": \"Surabhi\", \"username\": \"snikhila\", \"employee_id\": \"mthiyaga@corp.untd.com\", \"supervisor_email\": \"mthiyaga@corp.untd.com\"}','2025-08-26 10:21:17','2025-08-26 10:21:17','{\"field\": \"email\", \"type\": \"default\", \"priority\": 999}',0,'active'),(9624,20336,40,'ymanoj','ymanoj','ymanoj@corp.untd.com','{\"email\": \"ymanoj@corp.untd.com\", \"firstname\": \"Manoj\", \"lastname\": \"Yanamala\", \"username\": \"ymanoj\", \"employee_id\": \"spotham@corp.untd.com\", \"supervisor_email\": \"spotham@corp.untd.com\"}','2025-08-26 10:21:17','2025-08-26 10:21:17','{\"field\": \"email\", \"type\": \"default\", \"priority\": 999}',0,'active'),(9626,20338,40,'pananya','pananya','pananya@corp.untd.com','{\"email\": \"pananya@corp.untd.com\", \"firstname\": \"Ananya\", \"lastname\": \"Pancholi\", \"username\": \"pananya\", \"employee_id\": \"vsai@corp.untd.com\", \"supervisor_email\": \"vsai@corp.untd.com\"}','2025-08-26 10:21:17','2025-08-26 10:21:17','{\"field\": \"email\", \"type\": \"default\", \"priority\": 999}',0,'active'),(9628,20340,40,'mcoffey','mcoffey','mcoffey@credomobile.com','{\"email\": \"mcoffey@credomobile.com\", \"firstname\": \"Michelle\", \"lastname\": \"Coffey\", \"username\": \"mcoffey\", \"employee_id\": \"laurie.frank@magicjack.com\", \"supervisor_email\": \"laurie.frank@magicjack.com\"}','2025-08-26 10:21:17','2025-08-26 10:21:17','{\"field\": \"email\", \"type\": \"default\", \"priority\": 999}',0,'active'),(9630,20342,40,'psreeharsh','psreeharsh','psreeharsh@corp.untd.com','{\"email\": \"psreeharsh@corp.untd.com\", \"firstname\": \"Sreeharsh\", \"lastname\": \"Pallela\", \"username\": \"psreeharsh\", \"employee_id\": \"kudaya@corp.untd.com\", \"supervisor_email\": \"kudaya@corp.untd.com\"}','2025-08-26 10:21:17','2025-08-26 10:21:17','{\"field\": \"email\", \"type\": \"default\", \"priority\": 999}',0,'active'),(9632,20344,40,'dswathi','dswathi','dswathi@corp.untd.com','{\"email\": \"dswathi@corp.untd.com\", \"firstname\": \"Swathi\", \"lastname\": \"Dhulipalla\", \"username\": \"dswathi\", \"employee_id\": \"lsheguri@corp.untd.com\", \"supervisor_email\": \"lsheguri@corp.untd.com\"}','2025-08-26 10:21:17','2025-08-26 10:21:17','{\"field\": \"email\", \"type\": \"default\", \"priority\": 999}',0,'active'),(9634,20346,40,'afinney','afinney','afinney@credomobile.com','{\"email\": \"afinney@credomobile.com\", \"firstname\": \"Alan\", \"lastname\": \"Finney\", \"username\": \"afinney\", \"employee_id\": \"wbowen@corp.untd.com\", \"supervisor_email\": \"wbowen@corp.untd.com\"}','2025-08-26 10:21:17','2025-08-26 10:21:17','{\"field\": \"email\", \"type\": \"default\", \"priority\": 999}',0,'active'),(9636,20348,40,'gdeepak','gdeepak','gdeepak@corp.untd.com','{\"email\": \"gdeepak@corp.untd.com\", \"firstname\": \"Deepak Kumar\", \"lastname\": \"Maheshwari\", \"username\": \"gdeepak\", \"employee_id\": \"kimmanen@corp.untd.com\", \"supervisor_email\": \"kimmanen@corp.untd.com\"}','2025-08-26 10:21:17','2025-08-26 10:21:17','{\"field\": \"email\", \"type\": \"default\", \"priority\": 999}',0,'active'),(9638,20350,40,'rmascola','rmascola','rmascola@credomobile.com','{\"email\": \"rmascola@credomobile.com\", \"firstname\": \"Robert\", \"lastname\": \"Mascola\", \"username\": \"rmascola\", \"employee_id\": \"laurie.frank@magicjack.com\", \"supervisor_email\": \"laurie.frank@magicjack.com\"}','2025-08-26 10:21:17','2025-08-26 10:21:17','{\"field\": \"email\", \"type\": \"default\", \"priority\": 999}',0,'active'),(9640,20352,40,'lkingsley','lkingsley','lkingsley@credomobile.com','{\"email\": \"lkingsley@credomobile.com\", \"firstname\": \"Lila\", \"lastname\": \"Kingsley\", \"username\": \"lkingsley\", \"employee_id\": \"nbezborodova@corp.untd.com\", \"supervisor_email\": \"nbezborodova@corp.untd.com\"}','2025-08-26 10:21:17','2025-08-26 10:21:17','{\"field\": \"email\", \"type\": \"default\", \"priority\": 999}',0,'active'),(9642,20354,40,'smythri','smythri','smythri@corp.untd.com','{\"email\": \"smythri@corp.untd.com\", \"firstname\": \"Mythri\", \"lastname\": \"Sudala\", \"username\": \"smythri\", \"employee_id\": \"lsheguri@corp.untd.com\", \"supervisor_email\": \"lsheguri@corp.untd.com\"}','2025-08-26 10:21:17','2025-08-26 10:21:17','{\"field\": \"email\", \"type\": \"default\", \"priority\": 999}',0,'active'),(9644,20356,40,'kkoteswar','kkoteswar','kkoteswar@corp.untd.com','{\"email\": \"kkoteswar@corp.untd.com\", \"firstname\": \"Koteswararao\", \"lastname\": \"Konide\", \"username\": \"kkoteswar\", \"employee_id\": \"srinig@corp.untd.com\", \"supervisor_email\": \"srinig@corp.untd.com\"}','2025-08-26 10:21:17','2025-08-26 10:21:17','{\"field\": \"email\", \"type\": \"default\", \"priority\": 999}',0,'active'),(9646,20358,40,'psaraswathi','psaraswathi','psaraswathi@corp.untd.com','{\"email\": \"psaraswathi@corp.untd.com\", \"firstname\": \"Saraswathi\", \"lastname\": \"Pooja\", \"username\": \"psaraswathi\", \"employee_id\": \"sabhishek@corp.untd.com\", \"supervisor_email\": \"sabhishek@corp.untd.com\"}','2025-08-26 10:21:17','2025-08-26 10:21:17','{\"field\": \"email\", \"type\": \"default\", \"priority\": 999}',0,'active'),(9648,20360,40,'pshiva','pshiva','pshiva@corp.untd.com','{\"email\": \"pshiva@corp.untd.com\", \"firstname\": \"Shiva Sai\", \"lastname\": \"Pulimamidi\", \"username\": \"pshiva\", \"employee_id\": \"vsai@corp.untd.com\", \"supervisor_email\": \"vsai@corp.untd.com\"}','2025-08-26 10:21:17','2025-08-26 10:21:17','{\"field\": \"email\", \"type\": \"default\", \"priority\": 999}',0,'active'),(9650,20362,40,'sabhishek','sabhishek','sabhishek@corp.untd.com','{\"email\": \"sabhishek@corp.untd.com\", \"firstname\": \"Abhishek\", \"lastname\": \"Sharma\", \"username\": \"sabhishek\", \"employee_id\": \"lsheguri@corp.untd.com\", \"supervisor_email\": \"lsheguri@corp.untd.com\"}','2025-08-26 10:21:17','2025-08-26 10:21:17','{\"field\": \"email\", \"type\": \"default\", \"priority\": 999}',0,'active'),(9652,20364,40,'bob.salvo','bob.salvo','bob.salvo@ymaxcorp.com','{\"email\": \"bob.salvo@ymaxcorp.com\", \"firstname\": \"#NAME?\", \"lastname\": \"Salvo\", \"username\": \"bob.salvo\", \"employee_id\": \"mcoffey@credomobile.com\", \"supervisor_email\": \"mcoffey@credomobile.com\"}','2025-08-26 10:21:17','2025-08-26 10:21:17','{\"field\": \"email\", \"type\": \"default\", \"priority\": 999}',0,'active'),(9654,20366,40,'tina.tecce','tina.tecce','tina.tecce@ymaxcorp.com','{\"email\": \"tina.tecce@ymaxcorp.com\", \"firstname\": \"#NAME?\", \"lastname\": \"Tecce\", \"username\": \"tina.tecce\", \"employee_id\": \"mcoffey@credomobile.com\", \"supervisor_email\": \"mcoffey@credomobile.com\"}','2025-08-26 10:21:17','2025-08-26 10:21:17','{\"field\": \"email\", \"type\": \"default\", \"priority\": 999}',0,'active'),(9656,20368,40,'steve.orourke','steve.orourke','steve.orourke@ymaxcorp.com','{\"email\": \"steve.orourke@ymaxcorp.com\", \"firstname\": \"#NAME?\", \"lastname\": \"O\'Rourke\", \"username\": \"steve.orourke\", \"employee_id\": \"mcoffey@credomobile.com\", \"supervisor_email\": \"mcoffey@credomobile.com\"}','2025-08-26 10:21:17','2025-08-26 10:21:17','{\"field\": \"email\", \"type\": \"default\", \"priority\": 999}',0,'active'),(9658,20370,40,'gmallikharjun','gmallikharjun','gmallikharjun@corp.untd.com','{\"email\": \"gmallikharjun@corp.untd.com\", \"firstname\": \"Mallikharjuna\", \"lastname\": \"Gummadidala\", \"username\": \"gmallikharjun\", \"employee_id\": \"kimmanen@corp.untd.com\", \"supervisor_email\": \"kimmanen@corp.untd.com\"}','2025-08-26 10:21:17','2025-08-26 10:21:17','{\"field\": \"email\", \"type\": \"default\", \"priority\": 999}',0,'active'),(9660,20372,40,'thanujap','thanujap','thanujap@corp.untd.com','{\"email\": \"thanujap@corp.untd.com\", \"firstname\": \"Thanuja\", \"lastname\": \"Pedapudi\", \"username\": \"thanujap\", \"employee_id\": \"jnirmal@corp.untd.com\", \"supervisor_email\": \"jnirmal@corp.untd.com\"}','2025-08-26 10:21:17','2025-08-26 10:21:17','{\"field\": \"email\", \"type\": \"default\", \"priority\": 999}',0,'active'),(9662,20374,40,'mcrump','mcrump','mcrump@credomobile.com','{\"email\": \"mcrump@credomobile.com\", \"firstname\": \"Matthew\", \"lastname\": \"Crump\", \"username\": \"mcrump\", \"employee_id\": \"rmascola@credomobile.com\", \"supervisor_email\": \"rmascola@credomobile.com\"}','2025-08-26 10:21:17','2025-08-26 10:21:17','{\"field\": \"email\", \"type\": \"default\", \"priority\": 999}',0,'active'),(9664,20376,40,'zandra.curry','zandra.curry','zandra.curry@magicjack.com','{\"email\": \"zandra.curry@magicjack.com\", \"firstname\": \"Zandra\", \"lastname\": \"Curry\", \"username\": \"zandra.curry\", \"employee_id\": \"tina.tecce@ymaxcorp.com\", \"supervisor_email\": \"tina.tecce@ymaxcorp.com\"}','2025-08-26 10:21:17','2025-08-26 10:21:17','{\"field\": \"email\", \"type\": \"default\", \"priority\": 999}',0,'active'),(9666,20378,40,'steven.licari','steven.licari','steven.licari@magicjack.com','{\"email\": \"steven.licari@magicjack.com\", \"firstname\": \"Steven\", \"lastname\": \"Licari\", \"username\": \"steven.licari\", \"employee_id\": \"agabrielyan@corp.untd.com\", \"supervisor_email\": \"agabrielyan@corp.untd.com\"}','2025-08-26 10:21:17','2025-08-26 10:21:17','{\"field\": \"email\", \"type\": \"default\", \"priority\": 999}',0,'active'),(9668,20380,40,'kmcmullen','kmcmullen','kmcmullen@credomobile.com','{\"email\": \"kmcmullen@credomobile.com\", \"firstname\": \"Kathleen\", \"lastname\": \"McMullen\", \"username\": \"kmcmullen\", \"employee_id\": \"mcoffey@credomobile.com\", \"supervisor_email\": \"mcoffey@credomobile.com\"}','2025-08-26 10:21:17','2025-08-26 10:21:17','{\"field\": \"email\", \"type\": \"default\", \"priority\": 999}',0,'active'),(9670,20382,40,'sebastian.mosquera','sebastian.mosquera','sebastian.mosquera@magicjack.com','{\"email\": \"sebastian.mosquera@magicjack.com\", \"firstname\": \"Sebastian\", \"lastname\": \"Mosquera\", \"username\": \"sebastian.mosquera\", \"employee_id\": \"tina.tecce@ymaxcorp.com\", \"supervisor_email\": \"tina.tecce@ymaxcorp.com\"}','2025-08-26 10:21:17','2025-08-26 10:21:17','{\"field\": \"email\", \"type\": \"default\", \"priority\": 999}',0,'active'),(9672,20384,40,'marcia.murray','marcia.murray','marcia.murray@magicjack.com','{\"email\": \"marcia.murray@magicjack.com\", \"firstname\": \"#NAME?\", \"lastname\": \"Murray\", \"username\": \"marcia.murray\", \"employee_id\": \"karambulo@corp.untd.com\", \"supervisor_email\": \"karambulo@corp.untd.com\"}','2025-08-26 10:21:17','2025-08-26 10:21:17','{\"field\": \"email\", \"type\": \"default\", \"priority\": 999}',0,'active'),(9674,20386,40,'melodie.nathan','melodie.nathan','melodie.nathan@magicjack.com','{\"email\": \"melodie.nathan@magicjack.com\", \"firstname\": \"Melodie\", \"lastname\": \"Nathan\", \"username\": \"melodie.nathan\", \"employee_id\": \"edward.graybeal@magicjack.com\", \"supervisor_email\": \"edward.graybeal@magicjack.com\"}','2025-08-26 10:21:17','2025-08-26 10:21:17','{\"field\": \"email\", \"type\": \"default\", \"priority\": 999}',0,'active'),(9676,20388,40,'rsemyonov','rsemyonov','rsemyonov@credomobile.com','{\"email\": \"rsemyonov@credomobile.com\", \"firstname\": \"#NAME?\", \"lastname\": \"Semyonov\", \"username\": \"rsemyonov\", \"employee_id\": \"mcoffey@credomobile.com\", \"supervisor_email\": \"mcoffey@credomobile.com\"}','2025-08-26 10:21:17','2025-08-26 10:21:17','{\"field\": \"email\", \"type\": \"default\", \"priority\": 999}',0,'active'),(9678,20390,40,'jenifer.sims','jenifer.sims','jenifer.sims@magicjack.com','{\"email\": \"jenifer.sims@magicjack.com\", \"firstname\": \"Jenifer\", \"lastname\": \"Sims\", \"username\": \"jenifer.sims\", \"employee_id\": \"bob.salvo@ymaxcorp.com\", \"supervisor_email\": \"bob.salvo@ymaxcorp.com\"}','2025-08-26 10:21:17','2025-08-26 10:21:17','{\"field\": \"email\", \"type\": \"default\", \"priority\": 999}',0,'active'),(9680,20392,40,'james.slater','james.slater','james.slater@magicjack.com','{\"email\": \"james.slater@magicjack.com\", \"firstname\": \"James\", \"lastname\": \"Slater\", \"username\": \"james.slater\", \"employee_id\": \"agabrielyan@corp.untd.com\", \"supervisor_email\": \"agabrielyan@corp.untd.com\"}','2025-08-26 10:21:17','2025-08-26 10:21:17','{\"field\": \"email\", \"type\": \"default\", \"priority\": 999}',0,'active'),(9682,20394,40,'jsun','jsun','jsun@lingo.com','{\"email\": \"jsun@lingo.com\", \"firstname\": \"Jasmin\", \"lastname\": \"Sun\", \"username\": \"jsun\", \"employee_id\": \"danilo.cruz@ymaxcorp.com\", \"supervisor_email\": \"danilo.cruz@ymaxcorp.com\"}','2025-08-26 10:21:17','2025-08-26 10:21:17','{\"field\": \"email\", \"type\": \"default\", \"priority\": 999}',0,'active'),(9684,20396,40,'pthridandam','pthridandam','pthridandam@credomobile.com','{\"email\": \"pthridandam@credomobile.com\", \"firstname\": \"Priya\", \"lastname\": \"Thridandam\", \"username\": \"pthridandam\", \"employee_id\": \"rmascola@credomobile.com\", \"supervisor_email\": \"rmascola@credomobile.com\"}','2025-08-26 10:21:17','2025-08-26 10:21:17','{\"field\": \"email\", \"type\": \"default\", \"priority\": 999}',0,'active'),(9686,20398,40,'kwoo','kwoo','kwoo@credomobile.com','{\"email\": \"kwoo@credomobile.com\", \"firstname\": \"Karina\", \"lastname\": \"Woo\", \"username\": \"kwoo\", \"employee_id\": \"rmascola@credomobile.com\", \"supervisor_email\": \"rmascola@credomobile.com\"}','2025-08-26 10:21:17','2025-08-26 10:21:17','{\"field\": \"email\", \"type\": \"default\", \"priority\": 999}',0,'active'),(9688,20400,40,'smccarthy','smccarthy','smccarthy@credomobile.com','{\"email\": \"smccarthy@credomobile.com\", \"firstname\": \"Susan\", \"lastname\": \"McCarthy\", \"username\": \"smccarthy\", \"employee_id\": \"rmascola@credomobile.com\", \"supervisor_email\": \"rmascola@credomobile.com\"}','2025-08-26 10:21:17','2025-08-26 10:21:17','{\"field\": \"email\", \"type\": \"default\", \"priority\": 999}',0,'active'),(9690,20402,40,'stacey.caplan','stacey.caplan','stacey.caplan@magicjack.com','{\"email\": \"stacey.caplan@magicjack.com\", \"firstname\": \"#NAME?\", \"lastname\": \"Caplan\", \"username\": \"stacey.caplan\", \"employee_id\": \"\", \"supervisor_email\": \"\"}','2025-08-26 10:21:17','2025-08-26 10:21:17','{\"field\": \"email\", \"type\": \"default\", \"priority\": 999}',0,'active'),(9692,20404,40,'krishnamurala','krishnamurala','krishnamurala@corp.untd.com','{\"email\": \"krishnamurala@corp.untd.com\", \"firstname\": \"Krishna Babu\", \"lastname\": \"Murala\", \"username\": \"krishnamurala\", \"employee_id\": \"mbaba@corp.untd.com\", \"supervisor_email\": \"mbaba@corp.untd.com\"}','2025-08-26 10:21:17','2025-08-26 10:21:17','{\"field\": \"email\", \"type\": \"default\", \"priority\": 999}',0,'active'),(9694,20406,40,'skotamraju','skotamraju','skotamraju@corp.untd.com','{\"email\": \"skotamraju@corp.untd.com\", \"firstname\": \"Sai Sree Ram\", \"lastname\": \"Kotamraju\", \"username\": \"skotamraju\", \"employee_id\": \"kmedi@corp.untd.com\", \"supervisor_email\": \"kmedi@corp.untd.com\"}','2025-08-26 10:21:17','2025-08-26 10:21:17','{\"field\": \"email\", \"type\": \"default\", \"priority\": 999}',0,'active'),(9696,20408,40,'spasupula','spasupula','spasupula@corp.untd.com','{\"email\": \"spasupula@corp.untd.com\", \"firstname\": \"Siri\", \"lastname\": \"Pasupula\", \"username\": \"spasupula\", \"employee_id\": \"rpraveen@corp.untd.com\", \"supervisor_email\": \"rpraveen@corp.untd.com\"}','2025-08-26 10:21:17','2025-08-26 10:21:17','{\"field\": \"email\", \"type\": \"default\", \"priority\": 999}',0,'active'),(9698,20410,40,'mravulapalli','mravulapalli','mravulapalli@corp.untd.com','{\"email\": \"mravulapalli@corp.untd.com\", \"firstname\": \"Mohan\", \"lastname\": \"Ravulapalli\", \"username\": \"mravulapalli\", \"employee_id\": \"dagarwal@corp.untd.com\", \"supervisor_email\": \"dagarwal@corp.untd.com\"}','2025-08-26 10:21:17','2025-08-26 10:21:17','{\"field\": \"email\", \"type\": \"default\", \"priority\": 999}',0,'active'),(9700,20412,40,'uthorati','uthorati','uthorati@corp.untd.com','{\"email\": \"uthorati@corp.untd.com\", \"firstname\": \"Uma\", \"lastname\": \"Thorati\", \"username\": \"uthorati\", \"employee_id\": \"gsapan@corp.untd.com\", \"supervisor_email\": \"gsapan@corp.untd.com\"}','2025-08-26 10:21:17','2025-08-26 10:21:17','{\"field\": \"email\", \"type\": \"default\", \"priority\": 999}',0,'active'),(9702,20414,40,'dagarwal','dagarwal','dagarwal@corp.untd.com','{\"email\": \"dagarwal@corp.untd.com\", \"firstname\": \"Deepak\", \"lastname\": \"Agarwal\", \"username\": \"dagarwal\", \"employee_id\": \"gbasappa@corp.untd.com\", \"supervisor_email\": \"gbasappa@corp.untd.com\"}','2025-08-26 10:21:17','2025-08-26 10:21:17','{\"field\": \"email\", \"type\": \"default\", \"priority\": 999}',0,'active'),(9704,20416,40,'apramod','apramod','apramod@corp.untd.com','{\"email\": \"apramod@corp.untd.com\", \"firstname\": \"Pramod\", \"lastname\": \"Arikatla\", \"username\": \"apramod\", \"employee_id\": \"sghosh@corp.untd.com\", \"supervisor_email\": \"sghosh@corp.untd.com\"}','2025-08-26 10:21:17','2025-08-26 10:21:17','{\"field\": \"email\", \"type\": \"default\", \"priority\": 999}',0,'active'),(9706,20418,40,'cprasanth','cprasanth','cprasanth@corp.untd.com','{\"email\": \"cprasanth@corp.untd.com\", \"firstname\": \"Prasanth\", \"lastname\": \"Chamallamudi\", \"username\": \"cprasanth\", \"employee_id\": \"pnangun@corp.untd.com\", \"supervisor_email\": \"pnangun@corp.untd.com\"}','2025-08-26 10:21:17','2025-08-26 10:21:17','{\"field\": \"email\", \"type\": \"default\", \"priority\": 999}',0,'active'),(9708,20420,40,'ddivya','ddivya','ddivya@corp.untd.com','{\"email\": \"ddivya@corp.untd.com\", \"firstname\": \"Divya\", \"lastname\": \"Devarapalli\", \"username\": \"ddivya\", \"employee_id\": \"mahender@corp.untd.com\", \"supervisor_email\": \"mahender@corp.untd.com\"}','2025-08-26 10:21:17','2025-08-26 10:21:17','{\"field\": \"email\", \"type\": \"default\", \"priority\": 999}',0,'active'),(9710,20422,40,'jhema','jhema','jhema@corp.untd.com','{\"email\": \"jhema@corp.untd.com\", \"firstname\": \"Hema\", \"lastname\": \"Juturu\", \"username\": \"jhema\", \"employee_id\": \"nsivan@corp.untd.com\", \"supervisor_email\": \"nsivan@corp.untd.com\"}','2025-08-26 10:21:17','2025-08-26 10:21:17','{\"field\": \"email\", \"type\": \"default\", \"priority\": 999}',0,'active'),(9712,20424,40,'kpavan','kpavan','kpavan@corp.untd.com','{\"email\": \"kpavan@corp.untd.com\", \"firstname\": \"Pavan Kumar\", \"lastname\": \"Kunduru\", \"username\": \"kpavan\", \"employee_id\": \"amadduri@corp.untd.com\", \"supervisor_email\": \"amadduri@corp.untd.com\"}','2025-08-26 10:21:17','2025-08-26 10:21:17','{\"field\": \"email\", \"type\": \"default\", \"priority\": 999}',0,'active'),(9714,20426,40,'lsushma','lsushma','lsushma@corp.untd.com','{\"email\": \"lsushma@corp.untd.com\", \"firstname\": \"Sushma\", \"lastname\": \"Lakkimsetti\", \"username\": \"lsushma\", \"employee_id\": \"kimmanen@corp.untd.com\", \"supervisor_email\": \"kimmanen@corp.untd.com\"}','2025-08-26 10:21:17','2025-08-26 10:21:17','{\"field\": \"email\", \"type\": \"default\", \"priority\": 999}',0,'active'),(9716,20428,40,'mvyamini','mvyamini','mvyamini@corp.untd.com','{\"email\": \"mvyamini@corp.untd.com\", \"firstname\": \"Venkata Naga Yamini\", \"lastname\": \"Majeti\", \"username\": \"mvyamini\", \"employee_id\": \"dagarwal@corp.untd.com\", \"supervisor_email\": \"dagarwal@corp.untd.com\"}','2025-08-26 10:21:17','2025-08-26 10:21:17','{\"field\": \"email\", \"type\": \"default\", \"priority\": 999}',0,'active'),(9718,20430,40,'nsreevani','nsreevani','nsreevani@corp.untd.com','{\"email\": \"nsreevani@corp.untd.com\", \"firstname\": \"Sreevani Sagari\", \"lastname\": \"Nallamsetti\", \"username\": \"nsreevani\", \"employee_id\": \"dagarwal@corp.untd.com\", \"supervisor_email\": \"dagarwal@corp.untd.com\"}','2025-08-26 10:21:17','2025-08-26 10:21:17','{\"field\": \"email\", \"type\": \"default\", \"priority\": 999}',0,'active'),(9720,20432,40,'nsriman','nsriman','nsriman@corp.untd.com','{\"email\": \"nsriman@corp.untd.com\", \"firstname\": \"Sriman\", \"lastname\": \"Nerella\", \"username\": \"nsriman\", \"employee_id\": \"sghosh@corp.untd.com\", \"supervisor_email\": \"sghosh@corp.untd.com\"}','2025-08-26 10:21:17','2025-08-26 10:21:17','{\"field\": \"email\", \"type\": \"default\", \"priority\": 999}',0,'active'),(9722,20434,40,'smahesh','smahesh','smahesh@corp.untd.com','{\"email\": \"smahesh@corp.untd.com\", \"firstname\": \"Mahesh\", \"lastname\": \"Sambaram\", \"username\": \"smahesh\", \"employee_id\": \"mgontala@corp.untd.com\", \"supervisor_email\": \"mgontala@corp.untd.com\"}','2025-08-26 10:21:17','2025-08-26 10:21:17','{\"field\": \"email\", \"type\": \"default\", \"priority\": 999}',0,'active'),(9724,20436,40,'ssarath','ssarath','ssarath@corp.untd.com','{\"email\": \"ssarath@corp.untd.com\", \"firstname\": \"Sarath Kumar\", \"lastname\": \"Somu\", \"username\": \"ssarath\", \"employee_id\": \"kpittala@corp.untd.com\", \"supervisor_email\": \"kpittala@corp.untd.com\"}','2025-08-26 10:21:17','2025-08-26 10:21:17','{\"field\": \"email\", \"type\": \"default\", \"priority\": 999}',0,'active'),(9726,20438,40,'avadlamuri','avadlamuri','avadlamuri@corp.untd.com','{\"email\": \"avadlamuri@corp.untd.com\", \"firstname\": \"Abhi\", \"lastname\": \"Vadlamuri\", \"username\": \"avadlamuri\", \"employee_id\": \"sghosh@corp.untd.com\", \"supervisor_email\": \"sghosh@corp.untd.com\"}','2025-08-26 10:21:17','2025-08-26 10:21:17','{\"field\": \"email\", \"type\": \"default\", \"priority\": 999}',0,'active'),(9728,20440,40,'jobenland','jobenland','jobenland@credomobile.com','{\"email\": \"jobenland@credomobile.com\", \"firstname\": \"Jennifer\", \"lastname\": \"Obenland\", \"username\": \"jobenland\", \"employee_id\": \"mcoffey@credomobile.com\", \"supervisor_email\": \"mcoffey@credomobile.com\"}','2025-08-26 10:21:17','2025-08-26 10:21:17','{\"field\": \"email\", \"type\": \"default\", \"priority\": 999}',0,'active'),(9730,20442,40,'rpsingh','rpsingh','rpsingh@corp.untd.com','{\"email\": \"rpsingh@corp.untd.com\", \"firstname\": \"Ravi\", \"lastname\": \"Singh\", \"username\": \"rpsingh\", \"employee_id\": \"kudaya@corp.untd.com\", \"supervisor_email\": \"kudaya@corp.untd.com\"}','2025-08-26 10:21:17','2025-08-26 10:21:17','{\"field\": \"email\", \"type\": \"default\", \"priority\": 999}',0,'active'),(9732,20444,40,'ctulip','ctulip','ctulip@corp.untd.com','{\"email\": \"ctulip@corp.untd.com\", \"firstname\": \"Tulip\", \"lastname\": \"Chauhan\", \"username\": \"ctulip\", \"employee_id\": \"kudaya@corp.untd.com\", \"supervisor_email\": \"kudaya@corp.untd.com\"}','2025-08-26 10:21:17','2025-08-26 10:21:17','{\"field\": \"email\", \"type\": \"default\", \"priority\": 999}',0,'active'),(9734,20446,40,'cabdelnour','cabdelnour','cabdelnour@lingo.com','{\"email\": \"cabdelnour@lingo.com\", \"firstname\": \"Carrie\", \"lastname\": \"Abdelnour\", \"username\": \"cabdelnour\", \"employee_id\": \"jfreed@lingo.com\", \"supervisor_email\": \"jfreed@lingo.com\"}','2025-08-26 10:21:17','2025-08-26 10:21:17','{\"field\": \"email\", \"type\": \"default\", \"priority\": 999}',0,'active'),(9736,20448,40,'mahmann','mahmann','mahmann@lingo.com','{\"email\": \"mahmann@lingo.com\", \"firstname\": \"Matt\", \"lastname\": \"Ahmann\", \"username\": \"mahmann\", \"employee_id\": \"ddziljaj@lingo.com\", \"supervisor_email\": \"ddziljaj@lingo.com\"}','2025-08-26 10:21:17','2025-08-26 10:21:17','{\"field\": \"email\", \"type\": \"default\", \"priority\": 999}',0,'active'),(9738,20450,40,'malbers','malbers','malbers@lingo.com','{\"email\": \"malbers@lingo.com\", \"firstname\": \"Marilyn\", \"lastname\": \"Albers\", \"username\": \"malbers\", \"employee_id\": \"eparks@lingo.com\", \"supervisor_email\": \"eparks@lingo.com\"}','2025-08-26 10:21:17','2025-08-26 10:21:17','{\"field\": \"email\", \"type\": \"default\", \"priority\": 999}',0,'active'),(9740,20452,40,'peridice.andrade','peridice.andrade','peridice.andrade@lingo.com','{\"email\": \"peridice.andrade@lingo.com\", \"firstname\": \"Peridice\", \"lastname\": \"Andrade\", \"username\": \"peridice.andrade\", \"employee_id\": \"steve.reynolds@lingo.com\", \"supervisor_email\": \"steve.reynolds@lingo.com\"}','2025-08-26 10:21:17','2025-08-26 10:21:17','{\"field\": \"email\", \"type\": \"default\", \"priority\": 999}',0,'active'),(9742,20454,40,'cbanka','cbanka','cbanka@lingo.com','{\"email\": \"cbanka@lingo.com\", \"firstname\": \"Clayton\", \"lastname\": \"Banka\", \"username\": \"cbanka\", \"employee_id\": \"vuchil@lingo.com\", \"supervisor_email\": \"vuchil@lingo.com\"}','2025-08-26 10:21:17','2025-08-26 10:21:17','{\"field\": \"email\", \"type\": \"default\", \"priority\": 999}',0,'active'),(9744,20456,40,'mcooley','mcooley','mcooley@lingo.com','{\"email\": \"mcooley@lingo.com\", \"firstname\": \"Megan\", \"lastname\": \"Barazsu\", \"username\": \"mcooley\", \"employee_id\": \"steve.reynolds@lingo.com\", \"supervisor_email\": \"steve.reynolds@lingo.com\"}','2025-08-26 10:21:17','2025-08-26 10:21:17','{\"field\": \"email\", \"type\": \"default\", \"priority\": 999}',0,'active'),(9746,20458,40,'cbarroso','cbarroso','cbarroso@lingo.com','{\"email\": \"cbarroso@lingo.com\", \"firstname\": \"Carolina\", \"lastname\": \"Barroso\", \"username\": \"cbarroso\", \"employee_id\": \"dossa@lingo.com\", \"supervisor_email\": \"dossa@lingo.com\"}','2025-08-26 10:21:17','2025-08-26 10:21:17','{\"field\": \"email\", \"type\": \"default\", \"priority\": 999}',0,'active'),(9748,20460,40,'abatitto','abatitto','abatitto@lingo.com','{\"email\": \"abatitto@lingo.com\", \"firstname\": \"Anthony\", \"lastname\": \"Batitto\", \"username\": \"abatitto\", \"employee_id\": \"cbarroso@lingo.com\", \"supervisor_email\": \"cbarroso@lingo.com\"}','2025-08-26 10:21:17','2025-08-26 10:21:17','{\"field\": \"email\", \"type\": \"default\", \"priority\": 999}',0,'active'),(9750,20462,40,'bbennett','bbennett','bbennett@lingo.com','{\"email\": \"bbennett@lingo.com\", \"firstname\": \"Betty\", \"lastname\": \"Bennett\", \"username\": \"bbennett\", \"employee_id\": \"pbockstanz@lingo.com\", \"supervisor_email\": \"pbockstanz@lingo.com\"}','2025-08-26 10:21:17','2025-08-26 10:21:17','{\"field\": \"email\", \"type\": \"default\", \"priority\": 999}',0,'active'),(9752,20464,40,'rbienko','rbienko','rbienko@lingo.com','{\"email\": \"rbienko@lingo.com\", \"firstname\": \"Rebecca\", \"lastname\": \"Bienko (Hancock)\", \"username\": \"rbienko\", \"employee_id\": \"karen.brisby@lingo.com\", \"supervisor_email\": \"karen.brisby@lingo.com\"}','2025-08-26 10:21:17','2025-08-26 10:21:17','{\"field\": \"email\", \"type\": \"default\", \"priority\": 999}',0,'active'),(9754,20466,40,'lbillirakis','lbillirakis','lbillirakis@lingo.com','{\"email\": \"lbillirakis@lingo.com\", \"firstname\": \"Lisa\", \"lastname\": \"Billirakis\", \"username\": \"lbillirakis\", \"employee_id\": \"cbarroso@lingo.com\", \"supervisor_email\": \"cbarroso@lingo.com\"}','2025-08-26 10:21:17','2025-08-26 10:21:17','{\"field\": \"email\", \"type\": \"default\", \"priority\": 999}',0,'active'),(9756,20468,40,'tblackaby','tblackaby','tblackaby@lingo.com','{\"email\": \"tblackaby@lingo.com\", \"firstname\": \"Therese\", \"lastname\": \"Blackaby\", \"username\": \"tblackaby\", \"employee_id\": \"jjohnson@lingo.com\", \"supervisor_email\": \"jjohnson@lingo.com\"}','2025-08-26 10:21:17','2025-08-26 10:21:17','{\"field\": \"email\", \"type\": \"default\", \"priority\": 999}',0,'active'),(9758,20470,40,'pbockstanz','pbockstanz','pbockstanz@lingo.com','{\"email\": \"pbockstanz@lingo.com\", \"firstname\": \"Paul\", \"lastname\": \"Bockstanz\", \"username\": \"pbockstanz\", \"employee_id\": \"laurie.frank@magicjack.com\", \"supervisor_email\": \"laurie.frank@magicjack.com\"}','2025-08-26 10:21:17','2025-08-26 10:21:17','{\"field\": \"email\", \"type\": \"default\", \"priority\": 999}',0,'active'),(9760,20472,40,'tom.bowers','tom.bowers','tom.bowers@lingo.com','{\"email\": \"tom.bowers@lingo.com\", \"firstname\": \"Tom\", \"lastname\": \"Bowers\", \"username\": \"tom.bowers\", \"employee_id\": \"danilo.cruz@ymaxcorp.com\", \"supervisor_email\": \"danilo.cruz@ymaxcorp.com\"}','2025-08-26 10:21:17','2025-08-26 10:21:17','{\"field\": \"email\", \"type\": \"default\", \"priority\": 999}',0,'active'),(9762,20474,40,'shewonnah.bradley','shewonnah.bradley','shewonnah.bradley@lingo.com','{\"email\": \"shewonnah.bradley@lingo.com\", \"firstname\": \"Shewonnah\", \"lastname\": \"Bradley\", \"username\": \"shewonnah.bradley\", \"employee_id\": \"wbowen@corp.untd.com\", \"supervisor_email\": \"wbowen@corp.untd.com\"}','2025-08-26 10:21:17','2025-08-26 10:21:17','{\"field\": \"email\", \"type\": \"default\", \"priority\": 999}',0,'active'),(9764,20476,40,'dbratu','dbratu','dbratu@lingo.com','{\"email\": \"dbratu@lingo.com\", \"firstname\": \"Diana\", \"lastname\": \"Bratu\", \"username\": \"dbratu\", \"employee_id\": \"danilo.cruz@ymaxcorp.com\", \"supervisor_email\": \"danilo.cruz@ymaxcorp.com\"}','2025-08-26 10:21:17','2025-08-26 10:21:17','{\"field\": \"email\", \"type\": \"default\", \"priority\": 999}',0,'active'),(9766,20478,40,'kbrennan','kbrennan','kbrennan@lingo.com','{\"email\": \"kbrennan@lingo.com\", \"firstname\": \"Kevin\", \"lastname\": \"Brennan\", \"username\": \"kbrennan\", \"employee_id\": \"andrea.lang@lingo.com\", \"supervisor_email\": \"andrea.lang@lingo.com\"}','2025-08-26 10:21:17','2025-08-26 10:21:17','{\"field\": \"email\", \"type\": \"default\", \"priority\": 999}',0,'active'),(9768,20480,40,'karen.brisby','karen.brisby','karen.brisby@lingo.com','{\"email\": \"karen.brisby@lingo.com\", \"firstname\": \"Karen\", \"lastname\": \"Brisby\", \"username\": \"karen.brisby\", \"employee_id\": \"brian.whitford@lingo.com\", \"supervisor_email\": \"brian.whitford@lingo.com\"}','2025-08-26 10:21:17','2025-08-26 10:21:17','{\"field\": \"email\", \"type\": \"default\", \"priority\": 999}',0,'active'),(9770,20482,40,'gwen.cecil','gwen.cecil','gwen.cecil@lingo.com','{\"email\": \"gwen.cecil@lingo.com\", \"firstname\": \"Gwen\", \"lastname\": \"Cecil\", \"username\": \"gwen.cecil\", \"employee_id\": \"karen.brisby@lingo.com\", \"supervisor_email\": \"karen.brisby@lingo.com\"}','2025-08-26 10:21:17','2025-08-26 10:21:17','{\"field\": \"email\", \"type\": \"default\", \"priority\": 999}',0,'active'),(9772,20484,40,'jchandler','jchandler','jchandler@lingo.com','{\"email\": \"jchandler@lingo.com\", \"firstname\": \"Jasmine\", \"lastname\": \"Chandler\", \"username\": \"jchandler\", \"employee_id\": \"pbockstanz@lingo.com\", \"supervisor_email\": \"pbockstanz@lingo.com\"}','2025-08-26 10:21:17','2025-08-26 10:21:17','{\"field\": \"email\", \"type\": \"default\", \"priority\": 999}',0,'active'),(9774,20486,40,'tcheatem','tcheatem','tcheatem@lingo.com','{\"email\": \"tcheatem@lingo.com\", \"firstname\": \"Tyrha\", \"lastname\": \"Cheatem\", \"username\": \"tcheatem\", \"employee_id\": \"steve.reynolds@lingo.com\", \"supervisor_email\": \"steve.reynolds@lingo.com\"}','2025-08-26 10:21:17','2025-08-26 10:21:17','{\"field\": \"email\", \"type\": \"default\", \"priority\": 999}',0,'active'),(9776,20488,40,'achilcutt','achilcutt','achilcutt@lingo.com','{\"email\": \"achilcutt@lingo.com\", \"firstname\": \"David\", \"lastname\": \"Chilcutt\", \"username\": \"achilcutt\", \"employee_id\": \"eparks@lingo.com\", \"supervisor_email\": \"eparks@lingo.com\"}','2025-08-26 10:21:17','2025-08-26 10:21:17','{\"field\": \"email\", \"type\": \"default\", \"priority\": 999}',0,'active'),(9778,20490,40,'michelle.childress','michelle.childress','michelle.childress@lingo.com','{\"email\": \"michelle.childress@lingo.com\", \"firstname\": \"Michelle\", \"lastname\": \"Childress\", \"username\": \"michelle.childress\", \"employee_id\": \"grant.williams@lingo.com\", \"supervisor_email\": \"grant.williams@lingo.com\"}','2025-08-26 10:21:17','2025-08-26 10:21:17','{\"field\": \"email\", \"type\": \"default\", \"priority\": 999}',0,'active'),(9780,20492,40,'tcobb','tcobb','tcobb@lingo.com','{\"email\": \"tcobb@lingo.com\", \"firstname\": \"Tameka\", \"lastname\": \"Cobb\", \"username\": \"tcobb\", \"employee_id\": \"jjohnson@lingo.com\", \"supervisor_email\": \"jjohnson@lingo.com\"}','2025-08-26 10:21:17','2025-08-26 10:21:17','{\"field\": \"email\", \"type\": \"default\", \"priority\": 999}',0,'active'),(9782,20494,40,'sheryl.collins','sheryl.collins','sheryl.collins@lingo.com','{\"email\": \"sheryl.collins@lingo.com\", \"firstname\": \"Sheryl\", \"lastname\": \"Collins\", \"username\": \"sheryl.collins\", \"employee_id\": \"bill.pilcher@lingo.com\", \"supervisor_email\": \"bill.pilcher@lingo.com\"}','2025-08-26 10:21:17','2025-08-26 10:21:17','{\"field\": \"email\", \"type\": \"default\", \"priority\": 999}',0,'active'),(9784,20496,40,'scontadeluci','scontadeluci','scontadeluci@lingo.com','{\"email\": \"scontadeluci@lingo.com\", \"firstname\": \"Stephen\", \"lastname\": \"Contadeluci\", \"username\": \"scontadeluci\", \"employee_id\": \"andrea.lang@lingo.com\", \"supervisor_email\": \"andrea.lang@lingo.com\"}','2025-08-26 10:21:17','2025-08-26 10:21:17','{\"field\": \"email\", \"type\": \"default\", \"priority\": 999}',0,'active'),(9786,20498,40,'thomas.cordova','thomas.cordova','thomas.cordova@lingo.com','{\"email\": \"thomas.cordova@lingo.com\", \"firstname\": \"Thomas\", \"lastname\": \"Cordova\", \"username\": \"thomas.cordova\", \"employee_id\": \"cbarroso@lingo.com\", \"supervisor_email\": \"cbarroso@lingo.com\"}','2025-08-26 10:21:17','2025-08-26 10:21:17','{\"field\": \"email\", \"type\": \"default\", \"priority\": 999}',0,'active'),(9788,20500,40,'greg.corwin','greg.corwin','greg.corwin@lingo.com','{\"email\": \"greg.corwin@lingo.com\", \"firstname\": \"Greg\", \"lastname\": \"Corwin\", \"username\": \"greg.corwin\", \"employee_id\": \"chris.ramsey@lingo.com\", \"supervisor_email\": \"chris.ramsey@lingo.com\"}','2025-08-26 10:21:17','2025-08-26 10:21:17','{\"field\": \"email\", \"type\": \"default\", \"priority\": 999}',0,'active'),(9790,20502,40,'charlie.creel','charlie.creel','charlie.creel@lingo.com','{\"email\": \"charlie.creel@lingo.com\", \"firstname\": \"John\", \"lastname\": \"Creel\", \"username\": \"charlie.creel\", \"employee_id\": \"andrea.lang@lingo.com\", \"supervisor_email\": \"andrea.lang@lingo.com\"}','2025-08-26 10:21:17','2025-08-26 10:21:17','{\"field\": \"email\", \"type\": \"default\", \"priority\": 999}',0,'active'),(9792,20504,40,'mcrowe','mcrowe','mcrowe@lingo.com','{\"email\": \"mcrowe@lingo.com\", \"firstname\": \"Matthew\", \"lastname\": \"Crowe\", \"username\": \"mcrowe\", \"employee_id\": \"cbarroso@lingo.com\", \"supervisor_email\": \"cbarroso@lingo.com\"}','2025-08-26 10:21:17','2025-08-26 10:21:17','{\"field\": \"email\", \"type\": \"default\", \"priority\": 999}',0,'active'),(9794,20506,40,'pwolfe','pwolfe','pwolfe@lingo.com','{\"email\": \"pwolfe@lingo.com\", \"firstname\": \"Patrice\", \"lastname\": \"Delgado-Wolfe\", \"username\": \"pwolfe\", \"employee_id\": \"grant.williams@lingo.com\", \"supervisor_email\": \"grant.williams@lingo.com\"}','2025-08-26 10:21:17','2025-08-26 10:21:17','{\"field\": \"email\", \"type\": \"default\", \"priority\": 999}',0,'active'),(9796,20508,40,'ddial','ddial','ddial@lingo.com','{\"email\": \"ddial@lingo.com\", \"firstname\": \"Diana\", \"lastname\": \"Dial\", \"username\": \"ddial\", \"employee_id\": \"pbockstanz@lingo.com\", \"supervisor_email\": \"pbockstanz@lingo.com\"}','2025-08-26 10:21:17','2025-08-26 10:21:17','{\"field\": \"email\", \"type\": \"default\", \"priority\": 999}',0,'active'),(9798,20510,40,'mdowney','mdowney','mdowney@lingo.com','{\"email\": \"mdowney@lingo.com\", \"firstname\": \"Matthew\", \"lastname\": \"Downey\", \"username\": \"mdowney\", \"employee_id\": \"aveluppillai@brileyfin.com\", \"supervisor_email\": \"aveluppillai@brileyfin.com\"}','2025-08-26 10:21:17','2025-08-26 10:21:17','{\"field\": \"email\", \"type\": \"default\", \"priority\": 999}',0,'active'),(9800,20512,40,'hdowns','hdowns','hdowns@lingo.com','{\"email\": \"hdowns@lingo.com\", \"firstname\": \"Heather\", \"lastname\": \"Downs\", \"username\": \"hdowns\", \"employee_id\": \"alex.valencia@lingo.com\", \"supervisor_email\": \"alex.valencia@lingo.com\"}','2025-08-26 10:21:17','2025-08-26 10:21:17','{\"field\": \"email\", \"type\": \"default\", \"priority\": 999}',0,'active'),(9802,20514,40,'joy.driscoll','joy.driscoll','joy.driscoll@lingo.com','{\"email\": \"joy.driscoll@lingo.com\", \"firstname\": \"Joy\", \"lastname\": \"Driscoll\", \"username\": \"joy.driscoll\", \"employee_id\": \"lisa.stacey@lingo.com\", \"supervisor_email\": \"lisa.stacey@lingo.com\"}','2025-08-26 10:21:17','2025-08-26 10:21:17','{\"field\": \"email\", \"type\": \"default\", \"priority\": 999}',0,'active'),(9804,20516,40,'jdroz','jdroz','jdroz@lingo.com','{\"email\": \"jdroz@lingo.com\", \"firstname\": \"Jennifer\", \"lastname\": \"Droz\", \"username\": \"jdroz\", \"employee_id\": \"dbratu@lingo.com\", \"supervisor_email\": \"dbratu@lingo.com\"}','2025-08-26 10:21:17','2025-08-26 10:21:17','{\"field\": \"email\", \"type\": \"default\", \"priority\": 999}',0,'active'),(9806,20518,40,'ddziljaj','ddziljaj','ddziljaj@lingo.com','{\"email\": \"ddziljaj@lingo.com\", \"firstname\": \"Dino\", \"lastname\": \"Dziljaj\", \"username\": \"ddziljaj\", \"employee_id\": \"laurie.frank@magicjack.com\", \"supervisor_email\": \"laurie.frank@magicjack.com\"}','2025-08-26 10:21:17','2025-08-26 10:21:17','{\"field\": \"email\", \"type\": \"default\", \"priority\": 999}',0,'active'),(9808,20520,40,'sevans','sevans','sevans@lingo.com','{\"email\": \"sevans@lingo.com\", \"firstname\": \"Seth\", \"lastname\": \"Evans\", \"username\": \"sevans\", \"employee_id\": \"ddziljaj@lingo.com\", \"supervisor_email\": \"ddziljaj@lingo.com\"}','2025-08-26 10:21:17','2025-08-26 10:21:17','{\"field\": \"email\", \"type\": \"default\", \"priority\": 999}',0,'active'),(9810,20522,40,'mfitzgerald','mfitzgerald','mfitzgerald@lingo.com','{\"email\": \"mfitzgerald@lingo.com\", \"firstname\": \"Michael\", \"lastname\": \"Fitzgerald\", \"username\": \"mfitzgerald\", \"employee_id\": \"jjohnson@lingo.com\", \"supervisor_email\": \"jjohnson@lingo.com\"}','2025-08-26 10:21:17','2025-08-26 10:21:17','{\"field\": \"email\", \"type\": \"default\", \"priority\": 999}',0,'active'),(9812,20524,40,'mfox','mfox','mfox@lingo.com','{\"email\": \"mfox@lingo.com\", \"firstname\": \"Matthew\", \"lastname\": \"Fox\", \"username\": \"mfox\", \"employee_id\": \"cbarroso@lingo.com\", \"supervisor_email\": \"cbarroso@lingo.com\"}','2025-08-26 10:21:17','2025-08-26 10:21:17','{\"field\": \"email\", \"type\": \"default\", \"priority\": 999}',0,'active'),(9814,20526,40,'dfrank','dfrank','dfrank@lingo.com','{\"email\": \"dfrank@lingo.com\", \"firstname\": \"Debra\", \"lastname\": \"Frank\", \"username\": \"dfrank\", \"employee_id\": \"dbratu@lingo.com\", \"supervisor_email\": \"dbratu@lingo.com\"}','2025-08-26 10:21:17','2025-08-26 10:21:17','{\"field\": \"email\", \"type\": \"default\", \"priority\": 999}',0,'active'),(9816,20528,40,'tfrederick','tfrederick','tfrederick@lingo.com','{\"email\": \"tfrederick@lingo.com\", \"firstname\": \"Theodore\", \"lastname\": \"Frederick\", \"username\": \"tfrederick\", \"employee_id\": \"eparks@lingo.com\", \"supervisor_email\": \"eparks@lingo.com\"}','2025-08-26 10:21:17','2025-08-26 10:21:17','{\"field\": \"email\", \"type\": \"default\", \"priority\": 999}',0,'active'),(9818,20530,40,'jfreed','jfreed','jfreed@lingo.com','{\"email\": \"jfreed@lingo.com\", \"firstname\": \"Jeanne\", \"lastname\": \"Freed\", \"username\": \"jfreed\", \"employee_id\": \"SBala@corp.untd.com\", \"supervisor_email\": \"SBala@corp.untd.com\"}','2025-08-26 10:21:17','2025-08-26 10:21:17','{\"field\": \"email\", \"type\": \"default\", \"priority\": 999}',0,'active'),(9820,20532,40,'chris.frost','chris.frost','chris.frost@lingo.com','{\"email\": \"chris.frost@lingo.com\", \"firstname\": \"Christopher\", \"lastname\": \"Frost\", \"username\": \"chris.frost\", \"employee_id\": \"andrea.lang@lingo.com\", \"supervisor_email\": \"andrea.lang@lingo.com\"}','2025-08-26 10:21:17','2025-08-26 10:21:17','{\"field\": \"email\", \"type\": \"default\", \"priority\": 999}',0,'active'),(9822,20534,40,'mfruehwald','mfruehwald','mfruehwald@lingo.com','{\"email\": \"mfruehwald@lingo.com\", \"firstname\": \"Martha\", \"lastname\": \"Fruehwald\", \"username\": \"mfruehwald\", \"employee_id\": \"jjohnson@lingo.com\", \"supervisor_email\": \"jjohnson@lingo.com\"}','2025-08-26 10:21:17','2025-08-26 10:21:17','{\"field\": \"email\", \"type\": \"default\", \"priority\": 999}',0,'active'),(9824,20536,40,'bfuller','bfuller','bfuller@lingo.com','{\"email\": \"bfuller@lingo.com\", \"firstname\": \"Brian\", \"lastname\": \"Fuller\", \"username\": \"bfuller\", \"employee_id\": \"eparks@lingo.com\", \"supervisor_email\": \"eparks@lingo.com\"}','2025-08-26 10:21:17','2025-08-26 10:21:17','{\"field\": \"email\", \"type\": \"default\", \"priority\": 999}',0,'active'),(9826,20538,40,'nagwa.gabra','nagwa.gabra','nagwa.gabra@lingo.com','{\"email\": \"nagwa.gabra@lingo.com\", \"firstname\": \"Nagwa\", \"lastname\": \"Gabra\", \"username\": \"nagwa.gabra\", \"employee_id\": \"dbratu@lingo.com\", \"supervisor_email\": \"dbratu@lingo.com\"}','2025-08-26 10:21:17','2025-08-26 10:21:17','{\"field\": \"email\", \"type\": \"default\", \"priority\": 999}',0,'active'),(9828,20540,40,'dgalbraith','dgalbraith','dgalbraith@lingo.com','{\"email\": \"dgalbraith@lingo.com\", \"firstname\": \"Deborah\", \"lastname\": \"Galbraith\", \"username\": \"dgalbraith\", \"employee_id\": \"pbockstanz@lingo.com\", \"supervisor_email\": \"pbockstanz@lingo.com\"}','2025-08-26 10:21:17','2025-08-26 10:21:17','{\"field\": \"email\", \"type\": \"default\", \"priority\": 999}',0,'active'),(9830,20542,40,'mgalfano','mgalfano','mgalfano@lingo.com','{\"email\": \"mgalfano@lingo.com\", \"firstname\": \"Mark\", \"lastname\": \"Galfano\", \"username\": \"mgalfano\", \"employee_id\": \"eparks@lingo.com\", \"supervisor_email\": \"eparks@lingo.com\"}','2025-08-26 10:21:17','2025-08-26 10:21:17','{\"field\": \"email\", \"type\": \"default\", \"priority\": 999}',0,'active'),(9832,20544,40,'rgalli','rgalli','rgalli@lingo.com','{\"email\": \"rgalli@lingo.com\", \"firstname\": \"Joseph\", \"lastname\": \"Galli\", \"username\": \"rgalli\", \"employee_id\": \"cbarroso@lingo.com\", \"supervisor_email\": \"cbarroso@lingo.com\"}','2025-08-26 10:21:17','2025-08-26 10:21:17','{\"field\": \"email\", \"type\": \"default\", \"priority\": 999}',0,'active'),(9834,20546,40,'mark.gritton','mark.gritton','mark.gritton@lingo.com','{\"email\": \"mark.gritton@lingo.com\", \"firstname\": \"Mark\", \"lastname\": \"Gritton\", \"username\": \"mark.gritton\", \"employee_id\": \"andrea.lang@lingo.com\", \"supervisor_email\": \"andrea.lang@lingo.com\"}','2025-08-26 10:21:17','2025-08-26 10:21:17','{\"field\": \"email\", \"type\": \"default\", \"priority\": 999}',0,'active'),(9836,20548,40,'chanss','chanss','chanss@lingo.com','{\"email\": \"chanss@lingo.com\", \"firstname\": \"Colin\", \"lastname\": \"Hanss\", \"username\": \"chanss\", \"employee_id\": \"pszpakowski@lingo.com\", \"supervisor_email\": \"pszpakowski@lingo.com\"}','2025-08-26 10:21:17','2025-08-26 10:21:17','{\"field\": \"email\", \"type\": \"default\", \"priority\": 999}',0,'active'),(9838,20550,40,'kharkonen','kharkonen','kharkonen@lingo.com','{\"email\": \"kharkonen@lingo.com\", \"firstname\": \"Kristen\", \"lastname\": \"Harkonen\", \"username\": \"kharkonen\", \"employee_id\": \"jjohnson@lingo.com\", \"supervisor_email\": \"jjohnson@lingo.com\"}','2025-08-26 10:21:17','2025-08-26 10:21:17','{\"field\": \"email\", \"type\": \"default\", \"priority\": 999}',0,'active'),(9840,20552,40,'sharman','sharman','sharman@lingo.com','{\"email\": \"sharman@lingo.com\", \"firstname\": \"Samuel\", \"lastname\": \"Harman\", \"username\": \"sharman\", \"employee_id\": \"jmchale@lingo.com\", \"supervisor_email\": \"jmchale@lingo.com\"}','2025-08-26 10:21:17','2025-08-26 10:21:17','{\"field\": \"email\", \"type\": \"default\", \"priority\": 999}',0,'active'),(9842,20554,40,'jovi.cordova','jovi.cordova','jovi.cordova@lingo.com','{\"email\": \"jovi.cordova@lingo.com\", \"firstname\": \"Jovi\", \"lastname\": \"Harper\", \"username\": \"jovi.cordova\", \"employee_id\": \"cbarroso@lingo.com\", \"supervisor_email\": \"cbarroso@lingo.com\"}','2025-08-26 10:21:17','2025-08-26 10:21:17','{\"field\": \"email\", \"type\": \"default\", \"priority\": 999}',0,'active'),(9844,20556,40,'aleka.harris','aleka.harris','aleka.harris@lingo.com','{\"email\": \"aleka.harris@lingo.com\", \"firstname\": \"Aleka\", \"lastname\": \"Harris-Thomas\", \"username\": \"aleka.harris\", \"employee_id\": \"steve.reynolds@lingo.com\", \"supervisor_email\": \"steve.reynolds@lingo.com\"}','2025-08-26 10:21:17','2025-08-26 10:21:17','{\"field\": \"email\", \"type\": \"default\", \"priority\": 999}',0,'active'),(9846,20558,40,'morgan.aday','morgan.aday','morgan.aday@lingo.com','{\"email\": \"morgan.aday@lingo.com\", \"firstname\": \"Morgan\", \"lastname\": \"Hawkins\", \"username\": \"morgan.aday\", \"employee_id\": \"bill.pilcher@lingo.com\", \"supervisor_email\": \"bill.pilcher@lingo.com\"}','2025-08-26 10:21:17','2025-08-26 10:21:17','{\"field\": \"email\", \"type\": \"default\", \"priority\": 999}',0,'active'),(9848,20560,40,'jhayduk','jhayduk','jhayduk@lingo.com','{\"email\": \"jhayduk@lingo.com\", \"firstname\": \"John\", \"lastname\": \"Hayduk\", \"username\": \"jhayduk\", \"employee_id\": \"cbarroso@lingo.com\", \"supervisor_email\": \"cbarroso@lingo.com\"}','2025-08-26 10:21:17','2025-08-26 10:21:17','{\"field\": \"email\", \"type\": \"default\", \"priority\": 999}',0,'active'),(9850,20562,40,'cheider','cheider','cheider@lingo.com','{\"email\": \"cheider@lingo.com\", \"firstname\": \"Charles\", \"lastname\": \"Heider\", \"username\": \"cheider\", \"employee_id\": \"kmorrow@lingo.com\", \"supervisor_email\": \"kmorrow@lingo.com\"}','2025-08-26 10:21:17','2025-08-26 10:21:17','{\"field\": \"email\", \"type\": \"default\", \"priority\": 999}',0,'active'),(9852,20564,40,'jeff.heyd','jeff.heyd','jeff.heyd@lingo.com','{\"email\": \"jeff.heyd@lingo.com\", \"firstname\": \"Jeff\", \"lastname\": \"Heyd\", \"username\": \"jeff.heyd\", \"employee_id\": \"andrea.lang@lingo.com\", \"supervisor_email\": \"andrea.lang@lingo.com\"}','2025-08-26 10:21:17','2025-08-26 10:21:17','{\"field\": \"email\", \"type\": \"default\", \"priority\": 999}',0,'active'),(9854,20566,40,'mary.hope','mary.hope','mary.hope@lingo.com','{\"email\": \"mary.hope@lingo.com\", \"firstname\": \"Mary\", \"lastname\": \"Hope\", \"username\": \"mary.hope\", \"employee_id\": \"alex.valencia@lingo.com\", \"supervisor_email\": \"alex.valencia@lingo.com\"}','2025-08-26 10:21:17','2025-08-26 10:21:17','{\"field\": \"email\", \"type\": \"default\", \"priority\": 999}',0,'active'),(9856,20568,40,'angela.howard','angela.howard','angela.howard@lingo.com','{\"email\": \"angela.howard@lingo.com\", \"firstname\": \"Angela\", \"lastname\": \"Howard\", \"username\": \"angela.howard\", \"employee_id\": \"alex.valencia@lingo.com\", \"supervisor_email\": \"alex.valencia@lingo.com\"}','2025-08-26 10:21:17','2025-08-26 10:21:17','{\"field\": \"email\", \"type\": \"default\", \"priority\": 999}',0,'active'),(9858,20570,40,'cynthia.howell','cynthia.howell','cynthia.howell@lingo.com','{\"email\": \"cynthia.howell@lingo.com\", \"firstname\": \"Cynthia\", \"lastname\": \"Howell\", \"username\": \"cynthia.howell\", \"employee_id\": \"jamie.sark@lingo.com\", \"supervisor_email\": \"jamie.sark@lingo.com\"}','2025-08-26 10:21:17','2025-08-26 10:21:17','{\"field\": \"email\", \"type\": \"default\", \"priority\": 999}',0,'active'),(9860,20572,40,'shunt','shunt','shunt@lingo.com','{\"email\": \"shunt@lingo.com\", \"firstname\": \"Sonya\", \"lastname\": \"Hunt-Echols\", \"username\": \"shunt\", \"employee_id\": \"karen.brisby@lingo.com\", \"supervisor_email\": \"karen.brisby@lingo.com\"}','2025-08-26 10:21:17','2025-08-26 10:21:17','{\"field\": \"email\", \"type\": \"default\", \"priority\": 999}',0,'active'),(9862,20574,40,'gianitelli','gianitelli','gianitelli@lingo.com','{\"email\": \"gianitelli@lingo.com\", \"firstname\": \"Gary\", \"lastname\": \"Ianitelli\", \"username\": \"gianitelli\", \"employee_id\": \"lisa.stacey@lingo.com\", \"supervisor_email\": \"lisa.stacey@lingo.com\"}','2025-08-26 10:21:17','2025-08-26 10:21:17','{\"field\": \"email\", \"type\": \"default\", \"priority\": 999}',0,'active'),(9864,20576,40,'ana.ibarra','ana.ibarra','ana.ibarra@lingo.com','{\"email\": \"ana.ibarra@lingo.com\", \"firstname\": \"Ana\", \"lastname\": \"Ibarra\", \"username\": \"ana.ibarra\", \"employee_id\": \"dbratu@lingo.com\", \"supervisor_email\": \"dbratu@lingo.com\"}','2025-08-26 10:21:17','2025-08-26 10:21:17','{\"field\": \"email\", \"type\": \"default\", \"priority\": 999}',0,'active'),(9866,20578,40,'rjames','rjames','rjames@lingo.com','{\"email\": \"rjames@lingo.com\", \"firstname\": \"Ryan\", \"lastname\": \"James\", \"username\": \"rjames\", \"employee_id\": \"ddziljaj@lingo.com\", \"supervisor_email\": \"ddziljaj@lingo.com\"}','2025-08-26 10:21:17','2025-08-26 10:21:17','{\"field\": \"email\", \"type\": \"default\", \"priority\": 999}',0,'active'),(9868,20580,40,'samantha.jimenez','samantha.jimenez','samantha.jimenez@lingo.com','{\"email\": \"samantha.jimenez@lingo.com\", \"firstname\": \"Samantha\", \"lastname\": \"Jimenez\", \"username\": \"samantha.jimenez\", \"employee_id\": \"lisa.stacey@lingo.com\", \"supervisor_email\": \"lisa.stacey@lingo.com\"}','2025-08-26 10:21:17','2025-08-26 10:21:17','{\"field\": \"email\", \"type\": \"default\", \"priority\": 999}',0,'active'),(9870,20582,40,'jjohnson','jjohnson','jjohnson@lingo.com','{\"email\": \"jjohnson@lingo.com\", \"firstname\": \"Justin\", \"lastname\": \"Johnson\", \"username\": \"jjohnson\", \"employee_id\": \"laurie.frank@magicjack.com\", \"supervisor_email\": \"laurie.frank@magicjack.com\"}','2025-08-26 10:21:17','2025-08-26 10:21:17','{\"field\": \"email\", \"type\": \"default\", \"priority\": 999}',0,'active'),(9872,20584,40,'kjones','kjones','kjones@lingo.com','{\"email\": \"kjones@lingo.com\", \"firstname\": \"Keith\", \"lastname\": \"Jones\", \"username\": \"kjones\", \"employee_id\": \"ddziljaj@lingo.com\", \"supervisor_email\": \"ddziljaj@lingo.com\"}','2025-08-26 10:21:17','2025-08-26 10:21:17','{\"field\": \"email\", \"type\": \"default\", \"priority\": 999}',0,'active'),(9874,20586,40,'amanda.jones','amanda.jones','amanda.jones@lingo.com','{\"email\": \"amanda.jones@lingo.com\", \"firstname\": \"Amanda\", \"lastname\": \"Jones\", \"username\": \"amanda.jones\", \"employee_id\": \"alex.valencia@lingo.com\", \"supervisor_email\": \"alex.valencia@lingo.com\"}','2025-08-26 10:21:17','2025-08-26 10:21:17','{\"field\": \"email\", \"type\": \"default\", \"priority\": 999}',0,'active'),(9876,20588,40,'jjurkash','jjurkash','jjurkash@lingo.com','{\"email\": \"jjurkash@lingo.com\", \"firstname\": \"Joseph\", \"lastname\": \"Jurkash\", \"username\": \"jjurkash\", \"employee_id\": \"jmchale@lingo.com\", \"supervisor_email\": \"jmchale@lingo.com\"}','2025-08-26 10:21:17','2025-08-26 10:21:17','{\"field\": \"email\", \"type\": \"default\", \"priority\": 999}',0,'active'),(9878,20590,40,'ckaseta','ckaseta','ckaseta@lingo.com','{\"email\": \"ckaseta@lingo.com\", \"firstname\": \"Colleen\", \"lastname\": \"Kaseta\", \"username\": \"ckaseta\", \"employee_id\": \"kmorrow@lingo.com\", \"supervisor_email\": \"kmorrow@lingo.com\"}','2025-08-26 10:21:17','2025-08-26 10:21:17','{\"field\": \"email\", \"type\": \"default\", \"priority\": 999}',0,'active'),(9880,20592,40,'dkawa','dkawa','dkawa@lingo.com','{\"email\": \"dkawa@lingo.com\", \"firstname\": \"Danielle\", \"lastname\": \"Kawa\", \"username\": \"dkawa\", \"employee_id\": \"vuchil@lingo.com\", \"supervisor_email\": \"vuchil@lingo.com\"}','2025-08-26 10:21:17','2025-08-26 10:21:17','{\"field\": \"email\", \"type\": \"default\", \"priority\": 999}',0,'active'),(9882,20594,40,'nklimko','nklimko','nklimko@lingo.com','{\"email\": \"nklimko@lingo.com\", \"firstname\": \"Nancy\", \"lastname\": \"Klimko\", \"username\": \"nklimko\", \"employee_id\": \"jjohnson@lingo.com\", \"supervisor_email\": \"jjohnson@lingo.com\"}','2025-08-26 10:21:17','2025-08-26 10:21:17','{\"field\": \"email\", \"type\": \"default\", \"priority\": 999}',0,'active'),(9884,20596,40,'nknight','nknight','nknight@bullseyetelecom.com','{\"email\": \"nknight@bullseyetelecom.com\", \"firstname\": \"Necole\", \"lastname\": \"Knight\", \"username\": \"nknight\", \"employee_id\": \"lisa.stacey@lingo.com\", \"supervisor_email\": \"lisa.stacey@lingo.com\"}','2025-08-26 10:21:17','2025-08-26 10:21:17','{\"field\": \"email\", \"type\": \"default\", \"priority\": 999}',0,'active'),(9886,20598,40,'skoerber','skoerber','skoerber@lingo.com','{\"email\": \"skoerber@lingo.com\", \"firstname\": \"Shelley\", \"lastname\": \"Koerber\", \"username\": \"skoerber\", \"employee_id\": \"pszpakowski@lingo.com\", \"supervisor_email\": \"pszpakowski@lingo.com\"}','2025-08-26 10:21:17','2025-08-26 10:21:17','{\"field\": \"email\", \"type\": \"default\", \"priority\": 999}',0,'active'),(9888,20600,40,'john.lachance','john.lachance','john.lachance@lingo.com','{\"email\": \"john.lachance@lingo.com\", \"firstname\": \"John\", \"lastname\": \"Lachance\", \"username\": \"john.lachance\", \"employee_id\": \"jmchale@lingo.com\", \"supervisor_email\": \"jmchale@lingo.com\"}','2025-08-26 10:21:17','2025-08-26 10:21:17','{\"field\": \"email\", \"type\": \"default\", \"priority\": 999}',0,'active'),(9890,20602,40,'clance','clance','clance@lingo.com','{\"email\": \"clance@lingo.com\", \"firstname\": \"Carol\", \"lastname\": \"Lance\", \"username\": \"clance\", \"employee_id\": \"steve.reynolds@lingo.com\", \"supervisor_email\": \"steve.reynolds@lingo.com\"}','2025-08-26 10:21:17','2025-08-26 10:21:17','{\"field\": \"email\", \"type\": \"default\", \"priority\": 999}',0,'active'),(9892,20604,40,'andrea.lang','andrea.lang','andrea.lang@lingo.com','{\"email\": \"andrea.lang@lingo.com\", \"firstname\": \"Andrea\", \"lastname\": \"Lang\", \"username\": \"andrea.lang\", \"employee_id\": \"chris.ramsey@lingo.com\", \"supervisor_email\": \"chris.ramsey@lingo.com\"}','2025-08-26 10:21:17','2025-08-26 10:21:17','{\"field\": \"email\", \"type\": \"default\", \"priority\": 999}',0,'active'),(9894,20606,40,'bleverich','bleverich','bleverich@lingo.com','{\"email\": \"bleverich@lingo.com\", \"firstname\": \"William\", \"lastname\": \"Leverich\", \"username\": \"bleverich\", \"employee_id\": \"kimberly.rodriguez@lingo.com\", \"supervisor_email\": \"kimberly.rodriguez@lingo.com\"}','2025-08-26 10:21:17','2025-08-26 10:21:17','{\"field\": \"email\", \"type\": \"default\", \"priority\": 999}',0,'active'),(9896,20608,40,'klewis','klewis','klewis@lingo.com','{\"email\": \"klewis@lingo.com\", \"firstname\": \"Kimberly\", \"lastname\": \"Lewis\", \"username\": \"klewis\", \"employee_id\": \"cbarroso@lingo.com\", \"supervisor_email\": \"cbarroso@lingo.com\"}','2025-08-26 10:21:17','2025-08-26 10:21:17','{\"field\": \"email\", \"type\": \"default\", \"priority\": 999}',0,'active'),(9898,20610,40,'aloche','aloche','aloche@lingo.com','{\"email\": \"aloche@lingo.com\", \"firstname\": \"Alesha\", \"lastname\": \"Loche\", \"username\": \"aloche\", \"employee_id\": \"ddziljaj@lingo.com\", \"supervisor_email\": \"ddziljaj@lingo.com\"}','2025-08-26 10:21:17','2025-08-26 10:21:17','{\"field\": \"email\", \"type\": \"default\", \"priority\": 999}',0,'active'),(9900,20612,40,'david.lowery','david.lowery','david.lowery@lingo.com','{\"email\": \"david.lowery@lingo.com\", \"firstname\": \"David\", \"lastname\": \"Lowery\", \"username\": \"david.lowery\", \"employee_id\": \"bill.pilcher@lingo.com\", \"supervisor_email\": \"bill.pilcher@lingo.com\"}','2025-08-26 10:21:17','2025-08-26 10:21:17','{\"field\": \"email\", \"type\": \"default\", \"priority\": 999}',0,'active'),(9902,20614,40,'meko.lowery','meko.lowery','meko.lowery@lingo.com','{\"email\": \"meko.lowery@lingo.com\", \"firstname\": \"Meko\", \"lastname\": \"Lowery\", \"username\": \"meko.lowery\", \"employee_id\": \"karen.brisby@lingo.com\", \"supervisor_email\": \"karen.brisby@lingo.com\"}','2025-08-26 10:21:17','2025-08-26 10:21:17','{\"field\": \"email\", \"type\": \"default\", \"priority\": 999}',0,'active'),(9904,20616,40,'yvette.loyd','yvette.loyd','yvette.loyd@lingo.com','{\"email\": \"yvette.loyd@lingo.com\", \"firstname\": \"Yvette\", \"lastname\": \"Loyd\", \"username\": \"yvette.loyd\", \"employee_id\": \"shewonnah.bradley@lingo.com\", \"supervisor_email\": \"shewonnah.bradley@lingo.com\"}','2025-08-26 10:21:17','2025-08-26 10:21:17','{\"field\": \"email\", \"type\": \"default\", \"priority\": 999}',0,'active'),(9906,20618,40,'kluna','kluna','kluna@lingo.com','{\"email\": \"kluna@lingo.com\", \"firstname\": \"Kenneth\", \"lastname\": \"Luna\", \"username\": \"kluna\", \"employee_id\": \"cbarroso@lingo.com\", \"supervisor_email\": \"cbarroso@lingo.com\"}','2025-08-26 10:21:17','2025-08-26 10:21:17','{\"field\": \"email\", \"type\": \"default\", \"priority\": 999}',0,'active'),(9908,20620,40,'gmanigat','gmanigat','gmanigat@lingo.com','{\"email\": \"gmanigat@lingo.com\", \"firstname\": \"Gabriel\", \"lastname\": \"Manigat Jr\", \"username\": \"gmanigat\", \"employee_id\": \"steve.sabados@magicjack.com\", \"supervisor_email\": \"steve.sabados@magicjack.com\"}','2025-08-26 10:21:17','2025-08-26 10:21:17','{\"field\": \"email\", \"type\": \"default\", \"priority\": 999}',0,'active'),(9910,20622,40,'lmatthews','lmatthews','lmatthews@lingo.com','{\"email\": \"lmatthews@lingo.com\", \"firstname\": \"Lauren\", \"lastname\": \"Matthews\", \"username\": \"lmatthews\", \"employee_id\": \"ddziljaj@lingo.com\", \"supervisor_email\": \"ddziljaj@lingo.com\"}','2025-08-26 10:21:17','2025-08-26 10:21:17','{\"field\": \"email\", \"type\": \"default\", \"priority\": 999}',0,'active'),(9912,20624,40,'jmchale','jmchale','jmchale@lingo.com','{\"email\": \"jmchale@lingo.com\", \"firstname\": \"James\", \"lastname\": \"McHale\", \"username\": \"jmchale\", \"employee_id\": \"chris.ramsey@lingo.com\", \"supervisor_email\": \"chris.ramsey@lingo.com\"}','2025-08-26 10:21:17','2025-08-26 10:21:17','{\"field\": \"email\", \"type\": \"default\", \"priority\": 999}',0,'active'),(9914,20626,40,'rmckenney','rmckenney','rmckenney@lingo.com','{\"email\": \"rmckenney@lingo.com\", \"firstname\": \"Ryan\", \"lastname\": \"McKenney\", \"username\": \"rmckenney\", \"employee_id\": \"andrea.lang@lingo.com\", \"supervisor_email\": \"andrea.lang@lingo.com\"}','2025-08-26 10:21:17','2025-08-26 10:21:17','{\"field\": \"email\", \"type\": \"default\", \"priority\": 999}',0,'active'),(9916,20628,40,'jacqueline.medearis','jacqueline.medearis','jacqueline.medearis@lingo.com','{\"email\": \"jacqueline.medearis@lingo.com\", \"firstname\": \"Jacqueline\", \"lastname\": \"Medearis\", \"username\": \"jacqueline.medearis\", \"employee_id\": \"jjohnson@lingo.com\", \"supervisor_email\": \"jjohnson@lingo.com\"}','2025-08-26 10:21:17','2025-08-26 10:21:17','{\"field\": \"email\", \"type\": \"default\", \"priority\": 999}',0,'active'),(9918,20630,40,'smiller','smiller','smiller@lingo.com','{\"email\": \"smiller@lingo.com\", \"firstname\": \"Sabrina\", \"lastname\": \"Miller\", \"username\": \"smiller\", \"employee_id\": \"danilo.cruz@ymaxcorp.com\", \"supervisor_email\": \"danilo.cruz@ymaxcorp.com\"}','2025-08-26 10:21:17','2025-08-26 10:21:17','{\"field\": \"email\", \"type\": \"default\", \"priority\": 999}',0,'active'),(9920,20632,40,'linda.miskew','linda.miskew','linda.miskew@lingo.com','{\"email\": \"linda.miskew@lingo.com\", \"firstname\": \"Linny\", \"lastname\": \"Miskew\", \"username\": \"linda.miskew\", \"employee_id\": \"pbockstanz@lingo.com\", \"supervisor_email\": \"pbockstanz@lingo.com\"}','2025-08-26 10:21:17','2025-08-26 10:21:17','{\"field\": \"email\", \"type\": \"default\", \"priority\": 999}',0,'active'),(9922,20634,40,'lmoore','lmoore','lmoore@lingo.com','{\"email\": \"lmoore@lingo.com\", \"firstname\": \"Lynn\", \"lastname\": \"Moore\", \"username\": \"lmoore\", \"employee_id\": \"cbarroso@lingo.com\", \"supervisor_email\": \"cbarroso@lingo.com\"}','2025-08-26 10:21:17','2025-08-26 10:21:17','{\"field\": \"email\", \"type\": \"default\", \"priority\": 999}',0,'active'),(9924,20636,40,'bmoorfoot','bmoorfoot','bmoorfoot@lingo.com','{\"email\": \"bmoorfoot@lingo.com\", \"firstname\": \"Brian\", \"lastname\": \"Moorfoot\", \"username\": \"bmoorfoot\", \"employee_id\": \"ddziljaj@lingo.com\", \"supervisor_email\": \"ddziljaj@lingo.com\"}','2025-08-26 10:21:17','2025-08-26 10:21:17','{\"field\": \"email\", \"type\": \"default\", \"priority\": 999}',0,'active'),(9926,20638,40,'kmorrow','kmorrow','kmorrow@lingo.com','{\"email\": \"kmorrow@lingo.com\", \"firstname\": \"Kimberly\", \"lastname\": \"Morrow\", \"username\": \"kmorrow\", \"employee_id\": \"aveluppillai@brileyfin.com\", \"supervisor_email\": \"aveluppillai@brileyfin.com\"}','2025-08-26 10:21:17','2025-08-26 10:21:17','{\"field\": \"email\", \"type\": \"default\", \"priority\": 999}',0,'active'),(9928,20640,40,'chakhla.moustafaeva','chakhla.moustafaeva','chakhla.moustafaeva@lingo.com','{\"email\": \"chakhla.moustafaeva@lingo.com\", \"firstname\": \"Shahla\", \"lastname\": \"Mustafayeva\", \"username\": \"chakhla.moustafaeva\", \"employee_id\": \"vuchil@lingo.com\", \"supervisor_email\": \"vuchil@lingo.com\"}','2025-08-26 10:21:17','2025-08-26 10:21:17','{\"field\": \"email\", \"type\": \"default\", \"priority\": 999}',0,'active'),(9930,20642,40,'dnachtweih','dnachtweih','dnachtweih@lingo.com','{\"email\": \"dnachtweih@lingo.com\", \"firstname\": \"Deborah\", \"lastname\": \"Nachtweih\", \"username\": \"dnachtweih\", \"employee_id\": \"eparks@lingo.com\", \"supervisor_email\": \"eparks@lingo.com\"}','2025-08-26 10:21:17','2025-08-26 10:21:17','{\"field\": \"email\", \"type\": \"default\", \"priority\": 999}',0,'active'),(9932,20644,40,'nreddy','nreddy','nreddy@lingo.com','{\"email\": \"nreddy@lingo.com\", \"firstname\": \"Nayana Shree\", \"lastname\": \"Narayan Reddy\", \"username\": \"nreddy\", \"employee_id\": \"vphimmasone@lingo.com\", \"supervisor_email\": \"vphimmasone@lingo.com\"}','2025-08-26 10:21:17','2025-08-26 10:21:17','{\"field\": \"email\", \"type\": \"default\", \"priority\": 999}',0,'active'),(9934,20646,40,'aomalley','aomalley','aomalley@lingo.com','{\"email\": \"aomalley@lingo.com\", \"firstname\": \"Anne\", \"lastname\": \"O\'Malley\", \"username\": \"aomalley\", \"employee_id\": \"jfreed@lingo.com\", \"supervisor_email\": \"jfreed@lingo.com\"}','2025-08-26 10:21:17','2025-08-26 10:21:17','{\"field\": \"email\", \"type\": \"default\", \"priority\": 999}',0,'active'),(9936,20648,40,'dossa','dossa','dossa@lingo.com','{\"email\": \"dossa@lingo.com\", \"firstname\": \"Daniel\", \"lastname\": \"Ossa\", \"username\": \"dossa\", \"employee_id\": \"grant.williams@lingo.com\", \"supervisor_email\": \"grant.williams@lingo.com\"}','2025-08-26 10:21:17','2025-08-26 10:21:17','{\"field\": \"email\", \"type\": \"default\", \"priority\": 999}',0,'active'),(9938,20650,40,'eparks','eparks','eparks@lingo.com','{\"email\": \"eparks@lingo.com\", \"firstname\": \"Elizabeth\", \"lastname\": \"Parks\", \"username\": \"eparks\", \"employee_id\": \"chris.ramsey@lingo.com\", \"supervisor_email\": \"chris.ramsey@lingo.com\"}','2025-08-26 10:21:17','2025-08-26 10:21:17','{\"field\": \"email\", \"type\": \"default\", \"priority\": 999}',0,'active'),(9940,20652,40,'jpeterson','jpeterson','jpeterson@lingo.com','{\"email\": \"jpeterson@lingo.com\", \"firstname\": \"Jason\", \"lastname\": \"Peterson\", \"username\": \"jpeterson\", \"employee_id\": \"ddziljaj@lingo.com\", \"supervisor_email\": \"ddziljaj@lingo.com\"}','2025-08-26 10:21:17','2025-08-26 10:21:17','{\"field\": \"email\", \"type\": \"default\", \"priority\": 999}',0,'active'),(9942,20654,40,'vphimmasone','vphimmasone','vphimmasone@lingo.com','{\"email\": \"vphimmasone@lingo.com\", \"firstname\": \"Vannasouk\", \"lastname\": \"Phimmasone\", \"username\": \"vphimmasone\", \"employee_id\": \"jonathan.wang@magicjack.com\", \"supervisor_email\": \"jonathan.wang@magicjack.com\"}','2025-08-26 10:21:17','2025-08-26 10:21:17','{\"field\": \"email\", \"type\": \"default\", \"priority\": 999}',0,'active'),(9944,20656,40,'kpickens','kpickens','kpickens@lingo.com','{\"email\": \"kpickens@lingo.com\", \"firstname\": \"Kim\", \"lastname\": \"Pickens\", \"username\": \"kpickens\", \"employee_id\": \"jjohnson@lingo.com\", \"supervisor_email\": \"jjohnson@lingo.com\"}','2025-08-26 10:21:17','2025-08-26 10:21:17','{\"field\": \"email\", \"type\": \"default\", \"priority\": 999}',0,'active'),(9946,20658,40,'bplucinski','bplucinski','bplucinski@lingo.com','{\"email\": \"bplucinski@lingo.com\", \"firstname\": \"Beth\", \"lastname\": \"Plucinski\", \"username\": \"bplucinski\", \"employee_id\": \"eparks@lingo.com\", \"supervisor_email\": \"eparks@lingo.com\"}','2025-08-26 10:21:17','2025-08-26 10:21:17','{\"field\": \"email\", \"type\": \"default\", \"priority\": 999}',0,'active'),(9948,20660,40,'lprzybylski','lprzybylski','lprzybylski@lingo.com','{\"email\": \"lprzybylski@lingo.com\", \"firstname\": \"Laura\", \"lastname\": \"Przybylski\", \"username\": \"lprzybylski\", \"employee_id\": \"steve.reynolds@lingo.com\", \"supervisor_email\": \"steve.reynolds@lingo.com\"}','2025-08-26 10:21:17','2025-08-26 10:21:17','{\"field\": \"email\", \"type\": \"default\", \"priority\": 999}',0,'active'),(9950,20662,40,'chris.ramsey','chris.ramsey','chris.ramsey@lingo.com','{\"email\": \"chris.ramsey@lingo.com\", \"firstname\": \"Christopher\", \"lastname\": \"Ramsey\", \"username\": \"chris.ramsey\", \"employee_id\": \"aveluppillai@brileyfin.com\", \"supervisor_email\": \"aveluppillai@brileyfin.com\"}','2025-08-26 10:21:17','2025-08-26 10:21:17','{\"field\": \"email\", \"type\": \"default\", \"priority\": 999}',0,'active'),(9952,20664,40,'steve.reynolds','steve.reynolds','steve.reynolds@lingo.com','{\"email\": \"steve.reynolds@lingo.com\", \"firstname\": \"Steven\", \"lastname\": \"Reynolds Jr\", \"username\": \"steve.reynolds\", \"employee_id\": \"jamie.sark@lingo.com\", \"supervisor_email\": \"jamie.sark@lingo.com\"}','2025-08-26 10:21:17','2025-08-26 10:21:17','{\"field\": \"email\", \"type\": \"default\", \"priority\": 999}',0,'active'),(9954,20666,40,'lfajohn','lfajohn','lfajohn@lingo.com','{\"email\": \"lfajohn@lingo.com\", \"firstname\": \"Luca\", \"lastname\": \"Rivas-FaJohn\", \"username\": \"lfajohn\", \"employee_id\": \"dossa@lingo.com\", \"supervisor_email\": \"dossa@lingo.com\"}','2025-08-26 10:21:17','2025-08-26 10:21:17','{\"field\": \"email\", \"type\": \"default\", \"priority\": 999}',0,'active'),(9956,20668,40,'kimberly.rodriguez','kimberly.rodriguez','kimberly.rodriguez@lingo.com','{\"email\": \"kimberly.rodriguez@lingo.com\", \"firstname\": \"Kimberly\", \"lastname\": \"Rodriguez\", \"username\": \"kimberly.rodriguez\", \"employee_id\": \"steve.sabados@magicjack.com\", \"supervisor_email\": \"steve.sabados@magicjack.com\"}','2025-08-26 10:21:17','2025-08-26 10:21:17','{\"field\": \"email\", \"type\": \"default\", \"priority\": 999}',0,'active'),(9958,20670,40,'vanessa.rothchild','vanessa.rothchild','vanessa.rothchild@lingo.com','{\"email\": \"vanessa.rothchild@lingo.com\", \"firstname\": \"Vanessa\", \"lastname\": \"Rothchild\", \"username\": \"vanessa.rothchild\", \"employee_id\": \"lisa.stacey@lingo.com\", \"supervisor_email\": \"lisa.stacey@lingo.com\"}','2025-08-26 10:21:17','2025-08-26 10:21:17','{\"field\": \"email\", \"type\": \"default\", \"priority\": 999}',0,'active'),(9960,20672,40,'srubbo','srubbo','srubbo@lingo.com','{\"email\": \"srubbo@lingo.com\", \"firstname\": \"Stacey\", \"lastname\": \"Rubbo\", \"username\": \"srubbo\", \"employee_id\": \"jjohnson@lingo.com\", \"supervisor_email\": \"jjohnson@lingo.com\"}','2025-08-26 10:21:17','2025-08-26 10:21:17','{\"field\": \"email\", \"type\": \"default\", \"priority\": 999}',0,'active'),(9962,20674,40,'asadwin','asadwin','asadwin@lingo.com','{\"email\": \"asadwin@lingo.com\", \"firstname\": \"Allyson\", \"lastname\": \"Sadwin\", \"username\": \"asadwin\", \"employee_id\": \"pszpakowski@lingo.com\", \"supervisor_email\": \"pszpakowski@lingo.com\"}','2025-08-26 10:21:17','2025-08-26 10:21:17','{\"field\": \"email\", \"type\": \"default\", \"priority\": 999}',0,'active'),(9964,20676,40,'tanya.sallette','tanya.sallette','tanya.sallette@lingo.com','{\"email\": \"tanya.sallette@lingo.com\", \"firstname\": \"Tanya\", \"lastname\": \"Sallette\", \"username\": \"tanya.sallette\", \"employee_id\": \"lisa.stacey@lingo.com\", \"supervisor_email\": \"lisa.stacey@lingo.com\"}','2025-08-26 10:21:17','2025-08-26 10:21:17','{\"field\": \"email\", \"type\": \"default\", \"priority\": 999}',0,'active'),(9966,20678,40,'stenn.salvesen','stenn.salvesen','stenn.salvesen@lingo.com','{\"email\": \"stenn.salvesen@lingo.com\", \"firstname\": \"Stenn\", \"lastname\": \"Salvesen\", \"username\": \"stenn.salvesen\", \"employee_id\": \"kimberly.rodriguez@lingo.com\", \"supervisor_email\": \"kimberly.rodriguez@lingo.com\"}','2025-08-26 10:21:17','2025-08-26 10:21:17','{\"field\": \"email\", \"type\": \"default\", \"priority\": 999}',0,'active'),(9968,20680,40,'tsanchez','tsanchez','tsanchez@lingo.com','{\"email\": \"tsanchez@lingo.com\", \"firstname\": \"Todd\", \"lastname\": \"Sanchez\", \"username\": \"tsanchez\", \"employee_id\": \"dmilun@corp.untd.com\", \"supervisor_email\": \"dmilun@corp.untd.com\"}','2025-08-26 10:21:17','2025-08-26 10:21:17','{\"field\": \"email\", \"type\": \"default\", \"priority\": 999}',0,'active'),(9970,20682,40,'jamie.sark','jamie.sark','jamie.sark@lingo.com','{\"email\": \"jamie.sark@lingo.com\", \"firstname\": \"James\", \"lastname\": \"Sark\", \"username\": \"jamie.sark\", \"employee_id\": \"laurie.frank@magicjack.com\", \"supervisor_email\": \"laurie.frank@magicjack.com\"}','2025-08-26 10:21:17','2025-08-26 10:21:17','{\"field\": \"email\", \"type\": \"default\", \"priority\": 999}',0,'active'),(9972,20684,40,'jenna.scott','jenna.scott','jenna.scott@lingo.com','{\"email\": \"jenna.scott@lingo.com\", \"firstname\": \"Jenna\", \"lastname\": \"Scott\", \"username\": \"jenna.scott\", \"employee_id\": \"lisa.stacey@lingo.com\", \"supervisor_email\": \"lisa.stacey@lingo.com\"}','2025-08-26 10:21:17','2025-08-26 10:21:17','{\"field\": \"email\", \"type\": \"default\", \"priority\": 999}',0,'active'),(9974,20686,40,'kristy.shoup','kristy.shoup','kristy.shoup@lingo.com','{\"email\": \"kristy.shoup@lingo.com\", \"firstname\": \"Kristy\", \"lastname\": \"Shoup\", \"username\": \"kristy.shoup\", \"employee_id\": \"bill.pilcher@lingo.com\", \"supervisor_email\": \"bill.pilcher@lingo.com\"}','2025-08-26 10:21:17','2025-08-26 10:21:17','{\"field\": \"email\", \"type\": \"default\", \"priority\": 999}',0,'active'),(9976,20688,40,'ssmith','ssmith','ssmith@lingo.com','{\"email\": \"ssmith@lingo.com\", \"firstname\": \"Shannon\", \"lastname\": \"Smith\", \"username\": \"ssmith\", \"employee_id\": \"karen.brisby@lingo.com\", \"supervisor_email\": \"karen.brisby@lingo.com\"}','2025-08-26 10:21:17','2025-08-26 10:21:17','{\"field\": \"email\", \"type\": \"default\", \"priority\": 999}',0,'active'),(9978,20690,40,'karen.lofland','karen.lofland','karen.lofland@lingo.com','{\"email\": \"karen.lofland@lingo.com\", \"firstname\": \"Karen\", \"lastname\": \"Splawn\", \"username\": \"karen.lofland\", \"employee_id\": \"laurie.frank@magicjack.com\", \"supervisor_email\": \"laurie.frank@magicjack.com\"}','2025-08-26 10:21:17','2025-08-26 10:21:17','{\"field\": \"email\", \"type\": \"default\", \"priority\": 999}',0,'active'),(9980,20692,40,'jspoon','jspoon','jspoon@lingo.com','{\"email\": \"jspoon@lingo.com\", \"firstname\": \"Joseph\", \"lastname\": \"Spoon\", \"username\": \"jspoon\", \"employee_id\": \"pszpakowski@lingo.com\", \"supervisor_email\": \"pszpakowski@lingo.com\"}','2025-08-26 10:21:17','2025-08-26 10:21:17','{\"field\": \"email\", \"type\": \"default\", \"priority\": 999}',0,'active'),(9982,20694,40,'lisa.stacey','lisa.stacey','lisa.stacey@lingo.com','{\"email\": \"lisa.stacey@lingo.com\", \"firstname\": \"Lisa\", \"lastname\": \"Stacey\", \"username\": \"lisa.stacey\", \"employee_id\": \"grant.williams@lingo.com\", \"supervisor_email\": \"grant.williams@lingo.com\"}','2025-08-26 10:21:17','2025-08-26 10:21:17','{\"field\": \"email\", \"type\": \"default\", \"priority\": 999}',0,'active'),(9984,20696,40,'kenny.stancil','kenny.stancil','kenny.stancil@lingo.com','{\"email\": \"kenny.stancil@lingo.com\", \"firstname\": \"Kenny\", \"lastname\": \"Stancil\", \"username\": \"kenny.stancil\", \"employee_id\": \"steve.reynolds@lingo.com\", \"supervisor_email\": \"steve.reynolds@lingo.com\"}','2025-08-26 10:21:17','2025-08-26 10:21:17','{\"field\": \"email\", \"type\": \"default\", \"priority\": 999}',0,'active'),(9986,20698,40,'kstilley','kstilley','kstilley@lingo.com','{\"email\": \"kstilley@lingo.com\", \"firstname\": \"Kip\", \"lastname\": \"Stilley\", \"username\": \"kstilley\", \"employee_id\": \"azaidi@lingo.com\", \"supervisor_email\": \"azaidi@lingo.com\"}','2025-08-26 10:21:17','2025-08-26 10:21:17','{\"field\": \"email\", \"type\": \"default\", \"priority\": 999}',0,'active'),(9988,20700,40,'dinah.stoffregen','dinah.stoffregen','dinah.stoffregen@lingo.com','{\"email\": \"dinah.stoffregen@lingo.com\", \"firstname\": \"Dinah\", \"lastname\": \"Stoffregen\", \"username\": \"dinah.stoffregen\", \"employee_id\": \"vphimmasone@lingo.com\", \"supervisor_email\": \"vphimmasone@lingo.com\"}','2025-08-26 10:21:17','2025-08-26 10:21:17','{\"field\": \"email\", \"type\": \"default\", \"priority\": 999}',0,'active'),(9990,20702,40,'pszpakowski','pszpakowski','pszpakowski@lingo.com','{\"email\": \"pszpakowski@lingo.com\", \"firstname\": \"Patryk\", \"lastname\": \"Szpakowski\", \"username\": \"pszpakowski\", \"employee_id\": \"wbowen@corp.untd.com\", \"supervisor_email\": \"wbowen@corp.untd.com\"}','2025-08-26 10:21:17','2025-08-26 10:21:17','{\"field\": \"email\", \"type\": \"default\", \"priority\": 999}',0,'active'),(9992,20704,40,'stayal','stayal','stayal@lingo.com','{\"email\": \"stayal@lingo.com\", \"firstname\": \"Shivani\", \"lastname\": \"Tayal\", \"username\": \"stayal\", \"employee_id\": \"wbowen@corp.untd.com\", \"supervisor_email\": \"wbowen@corp.untd.com\"}','2025-08-26 10:21:17','2025-08-26 10:21:17','{\"field\": \"email\", \"type\": \"default\", \"priority\": 999}',0,'active'),(9994,20706,40,'stearse','stearse','stearse@lingo.com','{\"email\": \"stearse@lingo.com\", \"firstname\": \"Selden\", \"lastname\": \"Tearse\", \"username\": \"stearse\", \"employee_id\": \"steve.reynolds@lingo.com\", \"supervisor_email\": \"steve.reynolds@lingo.com\"}','2025-08-26 10:21:17','2025-08-26 10:21:17','{\"field\": \"email\", \"type\": \"default\", \"priority\": 999}',0,'active'),(9996,20708,40,'stee','stee','stee@lingo.com','{\"email\": \"stee@lingo.com\", \"firstname\": \"Shuk-Huei\", \"lastname\": \"Tee\", \"username\": \"stee\", \"employee_id\": \"stayal@lingo.com\", \"supervisor_email\": \"stayal@lingo.com\"}','2025-08-26 10:21:17','2025-08-26 10:21:17','{\"field\": \"email\", \"type\": \"default\", \"priority\": 999}',0,'active'),(9998,20710,40,'btilelli','btilelli','btilelli@lingo.com','{\"email\": \"btilelli@lingo.com\", \"firstname\": \"Brandon\", \"lastname\": \"Tilelli\", \"username\": \"btilelli\", \"employee_id\": \"ddziljaj@lingo.com\", \"supervisor_email\": \"ddziljaj@lingo.com\"}','2025-08-26 10:21:17','2025-08-26 10:21:17','{\"field\": \"email\", \"type\": \"default\", \"priority\": 999}',0,'active'),(10000,20712,40,'mitch.todd','mitch.todd','mitch.todd@lingo.com','{\"email\": \"mitch.todd@lingo.com\", \"firstname\": \"Mitch\", \"lastname\": \"Todd\", \"username\": \"mitch.todd\", \"employee_id\": \"dmilun@corp.untd.com\", \"supervisor_email\": \"dmilun@corp.untd.com\"}','2025-08-26 10:21:17','2025-08-26 10:21:17','{\"field\": \"email\", \"type\": \"default\", \"priority\": 999}',0,'active'),(10002,20714,40,'dtolliver','dtolliver','dtolliver@lingo.com','{\"email\": \"dtolliver@lingo.com\", \"firstname\": \"Derrick\", \"lastname\": \"Tolliver\", \"username\": \"dtolliver\", \"employee_id\": \"jjohnson@lingo.com\", \"supervisor_email\": \"jjohnson@lingo.com\"}','2025-08-26 10:21:17','2025-08-26 10:21:17','{\"field\": \"email\", \"type\": \"default\", \"priority\": 999}',0,'active'),(10004,20716,40,'wturner','wturner','wturner@lingo.com','{\"email\": \"wturner@lingo.com\", \"firstname\": \"William\", \"lastname\": \"Turner\", \"username\": \"wturner\", \"employee_id\": \"andrea.lang@lingo.com\", \"supervisor_email\": \"andrea.lang@lingo.com\"}','2025-08-26 10:21:17','2025-08-26 10:21:17','{\"field\": \"email\", \"type\": \"default\", \"priority\": 999}',0,'active'),(10006,20718,40,'vuchil','vuchil','vuchil@lingo.com','{\"email\": \"vuchil@lingo.com\", \"firstname\": \"Vilas\", \"lastname\": \"Uchil\", \"username\": \"vuchil\", \"employee_id\": \"aveluppillai@brileyfin.com\", \"supervisor_email\": \"aveluppillai@brileyfin.com\"}','2025-08-26 10:21:17','2025-08-26 10:21:17','{\"field\": \"email\", \"type\": \"default\", \"priority\": 999}',0,'active'),(10008,20720,40,'rvalderrama','rvalderrama','rvalderrama@lingo.com','{\"email\": \"rvalderrama@lingo.com\", \"firstname\": \"Ryan\", \"lastname\": \"Valderrama\", \"username\": \"rvalderrama\", \"employee_id\": \"pbockstanz@lingo.com\", \"supervisor_email\": \"pbockstanz@lingo.com\"}','2025-08-26 10:21:17','2025-08-26 10:21:17','{\"field\": \"email\", \"type\": \"default\", \"priority\": 999}',0,'active'),(10010,20722,40,'alex.valencia','alex.valencia','alex.valencia@lingo.com','{\"email\": \"alex.valencia@lingo.com\", \"firstname\": \"Javier\", \"lastname\": \"Valencia\", \"username\": \"alex.valencia\", \"employee_id\": \"aveluppillai@brileyfin.com\", \"supervisor_email\": \"aveluppillai@brileyfin.com\"}','2025-08-26 10:21:17','2025-08-26 10:21:17','{\"field\": \"email\", \"type\": \"default\", \"priority\": 999}',0,'active'),(10012,20724,40,'rudy.valencia','rudy.valencia','rudy.valencia@lingo.com','{\"email\": \"rudy.valencia@lingo.com\", \"firstname\": \"Rudy\", \"lastname\": \"Valencia\", \"username\": \"rudy.valencia\", \"employee_id\": \"angela.howard@lingo.com\", \"supervisor_email\": \"angela.howard@lingo.com\"}','2025-08-26 10:21:17','2025-08-26 10:21:17','{\"field\": \"email\", \"type\": \"default\", \"priority\": 999}',0,'active'),(10014,20726,40,'lee.veal','lee.veal','lee.veal@lingo.com','{\"email\": \"lee.veal@lingo.com\", \"firstname\": \"Lee\", \"lastname\": \"Veal\", \"username\": \"lee.veal\", \"employee_id\": \"dmilun@corp.untd.com\", \"supervisor_email\": \"dmilun@corp.untd.com\"}','2025-08-26 10:21:17','2025-08-26 10:21:17','{\"field\": \"email\", \"type\": \"default\", \"priority\": 999}',0,'active'),(10016,20728,40,'kim.walker','kim.walker','kim.walker@lingo.com','{\"email\": \"kim.walker@lingo.com\", \"firstname\": \"Kimberly\", \"lastname\": \"Walker\", \"username\": \"kim.walker\", \"employee_id\": \"steve.reynolds@lingo.com\", \"supervisor_email\": \"steve.reynolds@lingo.com\"}','2025-08-26 10:21:17','2025-08-26 10:21:17','{\"field\": \"email\", \"type\": \"default\", \"priority\": 999}',0,'active'),(10018,20730,40,'bwebb','bwebb','bwebb@lingo.com','{\"email\": \"bwebb@lingo.com\", \"firstname\": \"Barbara\", \"lastname\": \"Webb\", \"username\": \"bwebb\", \"employee_id\": \"eparks@lingo.com\", \"supervisor_email\": \"eparks@lingo.com\"}','2025-08-26 10:21:17','2025-08-26 10:21:17','{\"field\": \"email\", \"type\": \"default\", \"priority\": 999}',0,'active'),(10020,20732,40,'jwerner','jwerner','jwerner@lingo.com','{\"email\": \"jwerner@lingo.com\", \"firstname\": \"Jan\", \"lastname\": \"Werner\", \"username\": \"jwerner\", \"employee_id\": \"stayal@lingo.com\", \"supervisor_email\": \"stayal@lingo.com\"}','2025-08-26 10:21:17','2025-08-26 10:21:17','{\"field\": \"email\", \"type\": \"default\", \"priority\": 999}',0,'active'),(10022,20734,40,'brian.whitford','brian.whitford','brian.whitford@lingo.com','{\"email\": \"brian.whitford@lingo.com\", \"firstname\": \"Brian\", \"lastname\": \"Whitford\", \"username\": \"brian.whitford\", \"employee_id\": \"laurie.frank@magicjack.com\", \"supervisor_email\": \"laurie.frank@magicjack.com\"}','2025-08-26 10:21:17','2025-08-26 10:21:17','{\"field\": \"email\", \"type\": \"default\", \"priority\": 999}',0,'active'),(10024,20736,40,'karen.wilford','karen.wilford','karen.wilford@lingo.com','{\"email\": \"karen.wilford@lingo.com\", \"firstname\": \"Karen\", \"lastname\": \"Wilford\", \"username\": \"karen.wilford\", \"employee_id\": \"bill.pilcher@lingo.com\", \"supervisor_email\": \"bill.pilcher@lingo.com\"}','2025-08-26 10:21:17','2025-08-26 10:21:17','{\"field\": \"email\", \"type\": \"default\", \"priority\": 999}',0,'active'),(10026,20738,40,'tish.williams','tish.williams','tish.williams@lingo.com','{\"email\": \"tish.williams@lingo.com\", \"firstname\": \"Tishie\", \"lastname\": \"Williams\", \"username\": \"tish.williams\", \"employee_id\": \"bill.pilcher@lingo.com\", \"supervisor_email\": \"bill.pilcher@lingo.com\"}','2025-08-26 10:21:17','2025-08-26 10:21:17','{\"field\": \"email\", \"type\": \"default\", \"priority\": 999}',0,'active'),(10028,20740,40,'grant.williams','grant.williams','grant.williams@lingo.com','{\"email\": \"grant.williams@lingo.com\", \"firstname\": \"Grant\", \"lastname\": \"Williams\", \"username\": \"grant.williams\", \"employee_id\": \"vuchil@lingo.com\", \"supervisor_email\": \"vuchil@lingo.com\"}','2025-08-26 10:21:17','2025-08-26 10:21:17','{\"field\": \"email\", \"type\": \"default\", \"priority\": 999}',0,'active'),(10030,20742,40,'mwilliams','mwilliams','mwilliams@lingo.com','{\"email\": \"mwilliams@lingo.com\", \"firstname\": \"Mary\", \"lastname\": \"Williams\", \"username\": \"mwilliams\", \"employee_id\": \"grant.williams@lingo.com\", \"supervisor_email\": \"grant.williams@lingo.com\"}','2025-08-26 10:21:17','2025-08-26 10:21:17','{\"field\": \"email\", \"type\": \"default\", \"priority\": 999}',0,'active'),(10032,20744,40,'lisa.wilson','lisa.wilson','lisa.wilson@lingo.com','{\"email\": \"lisa.wilson@lingo.com\", \"firstname\": \"Angela\", \"lastname\": \"Wilson\", \"username\": \"lisa.wilson\", \"employee_id\": \"lisa.stacey@lingo.com\", \"supervisor_email\": \"lisa.stacey@lingo.com\"}','2025-08-26 10:21:17','2025-08-26 10:21:17','{\"field\": \"email\", \"type\": \"default\", \"priority\": 999}',0,'active'),(10034,20746,40,'azaidi','azaidi','azaidi@lingo.com','{\"email\": \"azaidi@lingo.com\", \"firstname\": \"Syedadil\", \"lastname\": \"Zaidi\", \"username\": \"azaidi\", \"employee_id\": \"vuchil@lingo.com\", \"supervisor_email\": \"vuchil@lingo.com\"}','2025-08-26 10:21:17','2025-08-26 10:21:17','{\"field\": \"email\", \"type\": \"default\", \"priority\": 999}',0,'active'),(10036,20748,40,'jzak','jzak','jzak@lingo.com','{\"email\": \"jzak@lingo.com\", \"firstname\": \"Jay\", \"lastname\": \"Zak\", \"username\": \"jzak\", \"employee_id\": \"steve.reynolds@lingo.com\", \"supervisor_email\": \"steve.reynolds@lingo.com\"}','2025-08-26 10:21:17','2025-08-26 10:21:17','{\"field\": \"email\", \"type\": \"default\", \"priority\": 999}',0,'active'),(10038,20750,40,'abhatnagar','abhatnagar','abhatnagar@lingo.com','{\"email\": \"abhatnagar@lingo.com\", \"firstname\": \"Amit\", \"lastname\": \"Bhatnagar\", \"username\": \"abhatnagar\", \"employee_id\": \"wbowen@corp.untd.com\", \"supervisor_email\": \"wbowen@corp.untd.com\"}','2025-08-26 10:21:17','2025-08-26 10:21:17','{\"field\": \"email\", \"type\": \"default\", \"priority\": 999}',0,'active'),(10040,20752,40,'prakash.patel','prakash.patel','prakash.patel@lingo.com','{\"email\": \"prakash.patel@lingo.com\", \"firstname\": \"Prakash\", \"lastname\": \"Patel\", \"username\": \"prakash.patel\", \"employee_id\": \"azaidi@lingo.com\", \"supervisor_email\": \"azaidi@lingo.com\"}','2025-08-26 10:21:17','2025-08-26 10:21:17','{\"field\": \"email\", \"type\": \"default\", \"priority\": 999}',0,'active'),(10042,20754,40,'terry.price','terry.price','terry.price@magicjack.com','{\"email\": \"terry.price@magicjack.com\", \"firstname\": \"Terry\", \"lastname\": \"Price\", \"username\": \"terry.price\", \"employee_id\": \"edward.graybeal@magicjack.com\", \"supervisor_email\": \"edward.graybeal@magicjack.com\"}','2025-08-26 10:21:17','2025-08-26 10:21:17','{\"field\": \"email\", \"type\": \"default\", \"priority\": 999}',0,'active'),(10044,20756,40,'dmounika','dmounika','dmounika@corp.untd.com','{\"email\": \"dmounika@corp.untd.com\", \"firstname\": \"Mounika\", \"lastname\": \"Devakar\", \"username\": \"dmounika\", \"employee_id\": \"asuresh@corp.untd.com\", \"supervisor_email\": \"asuresh@corp.untd.com\"}','2025-08-26 10:21:17','2025-08-26 10:21:17','{\"field\": \"email\", \"type\": \"default\", \"priority\": 999}',0,'active'),(10046,20758,40,'sasha.ruiz','sasha.ruiz','sasha.ruiz@magicjack.com','{\"email\": \"sasha.ruiz@magicjack.com\", \"firstname\": \"Sasha\", \"lastname\": \"Ruiz\", \"username\": \"sasha.ruiz\", \"employee_id\": \"agabrielyan@corp.untd.com\", \"supervisor_email\": \"agabrielyan@corp.untd.com\"}','2025-08-26 10:21:17','2025-08-26 10:21:17','{\"field\": \"email\", \"type\": \"default\", \"priority\": 999}',0,'active'),(10048,20760,40,'joanna.davis','joanna.davis','joanna.davis@lingo.com','{\"email\": \"joanna.davis@lingo.com\", \"firstname\": \"Joanna\", \"lastname\": \"Davis\", \"username\": \"joanna.davis\", \"employee_id\": \"jjohnson@lingo.com\", \"supervisor_email\": \"jjohnson@lingo.com\"}','2025-08-26 10:21:17','2025-08-26 10:21:17','{\"field\": \"email\", \"type\": \"default\", \"priority\": 999}',0,'active'),(10050,20762,40,'edean','edean','edean@lingo.com','{\"email\": \"edean@lingo.com\", \"firstname\": \"Erick\", \"lastname\": \"Dean\", \"username\": \"edean\", \"employee_id\": \"cbarroso@lingo.com\", \"supervisor_email\": \"cbarroso@lingo.com\"}','2025-08-26 10:21:17','2025-08-26 10:21:17','{\"field\": \"email\", \"type\": \"default\", \"priority\": 999}',0,'active'),(10052,20764,40,'bill.pilcher','bill.pilcher','bill.pilcher@lingo.com','{\"email\": \"bill.pilcher@lingo.com\", \"firstname\": \"William\", \"lastname\": \"Pilcher\", \"username\": \"bill.pilcher\", \"employee_id\": \"chris.ramsey@lingo.com\", \"supervisor_email\": \"chris.ramsey@lingo.com\"}','2025-08-26 10:21:17','2025-08-26 10:21:17','{\"field\": \"email\", \"type\": \"default\", \"priority\": 999}',0,'active'),(10054,20766,40,'mdavidson','mdavidson','mdavidson@lingo.com','{\"email\": \"mdavidson@lingo.com\", \"firstname\": \"Minnie\", \"lastname\": \"Davidson\", \"username\": \"mdavidson\", \"employee_id\": \"kmorrow@lingo.com\", \"supervisor_email\": \"kmorrow@lingo.com\"}','2025-08-26 10:21:17','2025-08-26 10:21:17','{\"field\": \"email\", \"type\": \"default\", \"priority\": 999}',0,'active'),(10056,20768,40,'jpradeep','jpradeep','jpradeep@corp.untd.com','{\"email\": \"jpradeep@corp.untd.com\", \"firstname\": \"Pradeep\", \"lastname\": \"Jorrigala\", \"username\": \"jpradeep\", \"employee_id\": \"vsai@corp.untd.com\", \"supervisor_email\": \"vsai@corp.untd.com\"}','2025-08-26 10:21:17','2025-08-26 10:21:17','{\"field\": \"email\", \"type\": \"default\", \"priority\": 999}',0,'active'),(10058,20770,40,'satwinder.singh','satwinder.singh','satwinder.singh@lingo.com','{\"email\": \"satwinder.singh@lingo.com\", \"firstname\": \"Satwinder\", \"lastname\": \"Singh\", \"username\": \"satwinder.singh\", \"employee_id\": \"prakash.patel@lingo.com\", \"supervisor_email\": \"prakash.patel@lingo.com\"}','2025-08-26 10:21:17','2025-08-26 10:21:17','{\"field\": \"email\", \"type\": \"default\", \"priority\": 999}',0,'active'),(10060,20772,40,'jshepard','jshepard','jshepard@lingo.com','{\"email\": \"jshepard@lingo.com\", \"firstname\": \"Jerome\", \"lastname\": \"Shepard\", \"username\": \"jshepard\", \"employee_id\": \"danilo.cruz@ymaxcorp.com\", \"supervisor_email\": \"danilo.cruz@ymaxcorp.com\"}','2025-08-26 10:21:17','2025-08-26 10:21:17','{\"field\": \"email\", \"type\": \"default\", \"priority\": 999}',0,'active'),(10062,20774,40,'sameerm','sameerm','sameerm@corp.untd.com','{\"email\": \"sameerm@corp.untd.com\", \"firstname\": \"Mohammad\", \"lastname\": \"Sameer\", \"username\": \"sameerm\", \"employee_id\": \"srinig@corp.untd.com\", \"supervisor_email\": \"srinig@corp.untd.com\"}','2025-08-26 10:21:17','2025-08-26 10:21:17','{\"field\": \"email\", \"type\": \"default\", \"priority\": 999}',0,'active'),(10064,20776,40,'rramsay','rramsay','rramsay@lingo.com','{\"email\": \"rramsay@lingo.com\", \"firstname\": \"Rachel\", \"lastname\": \"Ramsay\", \"username\": \"rramsay\", \"employee_id\": \"dbratu@lingo.com\", \"supervisor_email\": \"dbratu@lingo.com\"}','2025-08-26 10:21:17','2025-08-26 10:21:17','{\"field\": \"email\", \"type\": \"default\", \"priority\": 999}',0,'active'),(10066,20778,40,'tverdui','tverdui','tverdui@lingo.com','{\"email\": \"tverdui@lingo.com\", \"firstname\": \"Tara\", \"lastname\": \"Verdui\", \"username\": \"tverdui\", \"employee_id\": \"brian.whitford@lingo.com\", \"supervisor_email\": \"brian.whitford@lingo.com\"}','2025-08-26 10:21:17','2025-08-26 10:21:17','{\"field\": \"email\", \"type\": \"default\", \"priority\": 999}',0,'active'),(10068,20780,40,'jmarin','jmarin','jmarin@lingo.com','{\"email\": \"jmarin@lingo.com\", \"firstname\": \"James\", \"lastname\": \"Marin\", \"username\": \"jmarin\", \"employee_id\": \"cbarroso@lingo.com\", \"supervisor_email\": \"cbarroso@lingo.com\"}','2025-08-26 10:21:17','2025-08-26 10:21:17','{\"field\": \"email\", \"type\": \"default\", \"priority\": 999}',0,'active'),(10070,20782,40,'kpicado','kpicado','kpicado@lingo.com','{\"email\": \"kpicado@lingo.com\", \"firstname\": \"Kendell\", \"lastname\": \"Picado\", \"username\": \"kpicado\", \"employee_id\": \"cbarroso@lingo.com\", \"supervisor_email\": \"cbarroso@lingo.com\"}','2025-08-26 10:21:17','2025-08-26 10:21:17','{\"field\": \"email\", \"type\": \"default\", \"priority\": 999}',0,'active'),(10072,20784,40,'jtrejos','jtrejos','jtrejos@lingo.com','{\"email\": \"jtrejos@lingo.com\", \"firstname\": \"Jose\", \"lastname\": \"Trejos\", \"username\": \"jtrejos\", \"employee_id\": \"cbarroso@lingo.com\", \"supervisor_email\": \"cbarroso@lingo.com\"}','2025-08-26 10:21:17','2025-08-26 10:21:17','{\"field\": \"email\", \"type\": \"default\", \"priority\": 999}',0,'active'),(10074,20786,40,'fcamposquiros','fcamposquiros','fcamposquiros@lingo.com','{\"email\": \"fcamposquiros@lingo.com\", \"firstname\": \"Fabian\", \"lastname\": \"Campos Quiros\", \"username\": \"fcamposquiros\", \"employee_id\": \"cbarroso@lingo.com\", \"supervisor_email\": \"cbarroso@lingo.com\"}','2025-08-26 10:21:17','2025-08-26 10:21:17','{\"field\": \"email\", \"type\": \"default\", \"priority\": 999}',0,'active'),(10076,20788,40,'sdiaz','sdiaz','sdiaz@lingo.com','{\"email\": \"sdiaz@lingo.com\", \"firstname\": \"Sebastian\", \"lastname\": \"Diaz\", \"username\": \"sdiaz\", \"employee_id\": \"cbarroso@lingo.com\", \"supervisor_email\": \"cbarroso@lingo.com\"}','2025-08-26 10:21:17','2025-08-26 10:21:17','{\"field\": \"email\", \"type\": \"default\", \"priority\": 999}',0,'active'),(10078,20790,40,'mgranados','mgranados','mgranados@lingo.com','{\"email\": \"mgranados@lingo.com\", \"firstname\": \"Miguel\", \"lastname\": \"Granados\", \"username\": \"mgranados\", \"employee_id\": \"cbarroso@lingo.com\", \"supervisor_email\": \"cbarroso@lingo.com\"}','2025-08-26 10:21:17','2025-08-26 10:21:17','{\"field\": \"email\", \"type\": \"default\", \"priority\": 999}',0,'active'),(10080,20792,40,'dvalladares','dvalladares','dvalladares@lingo.com','{\"email\": \"dvalladares@lingo.com\", \"firstname\": \"Diego\", \"lastname\": \"Valladares\", \"username\": \"dvalladares\", \"employee_id\": \"cbarroso@lingo.com\", \"supervisor_email\": \"cbarroso@lingo.com\"}','2025-08-26 10:21:17','2025-08-26 10:21:17','{\"field\": \"email\", \"type\": \"default\", \"priority\": 999}',0,'active'),(10082,20794,40,'mtorres','mtorres','mtorres@lingo.com','{\"email\": \"mtorres@lingo.com\", \"firstname\": \"Mauricio\", \"lastname\": \"Torres\", \"username\": \"mtorres\", \"employee_id\": \"cbarroso@lingo.com\", \"supervisor_email\": \"cbarroso@lingo.com\"}','2025-08-26 10:21:17','2025-08-26 10:21:17','{\"field\": \"email\", \"type\": \"default\", \"priority\": 999}',0,'active'),(10084,20796,40,'dgaviria','dgaviria','dgaviria@lingo.com','{\"email\": \"dgaviria@lingo.com\", \"firstname\": \"David\", \"lastname\": \"Gaviria\", \"username\": \"dgaviria\", \"employee_id\": \"cbarroso@lingo.com\", \"supervisor_email\": \"cbarroso@lingo.com\"}','2025-08-26 10:21:17','2025-08-26 10:21:17','{\"field\": \"email\", \"type\": \"default\", \"priority\": 999}',0,'active'),(10086,20798,40,'jgaray','jgaray','jgaray@lingo.com','{\"email\": \"jgaray@lingo.com\", \"firstname\": \"Jefferson\", \"lastname\": \"Garay\", \"username\": \"jgaray\", \"employee_id\": \"cbarroso@lingo.com\", \"supervisor_email\": \"cbarroso@lingo.com\"}','2025-08-26 10:21:17','2025-08-26 10:21:17','{\"field\": \"email\", \"type\": \"default\", \"priority\": 999}',0,'active'),(10088,20800,40,'adelgado','adelgado','adelgado@lingo.com','{\"email\": \"adelgado@lingo.com\", \"firstname\": \"Alondra\", \"lastname\": \"Delgado\", \"username\": \"adelgado\", \"employee_id\": \"cbarroso@lingo.com\", \"supervisor_email\": \"cbarroso@lingo.com\"}','2025-08-26 10:21:17','2025-08-26 10:21:17','{\"field\": \"email\", \"type\": \"default\", \"priority\": 999}',0,'active'),(10090,20802,40,'nitin.chawla','nitin.chawla','nitin.chawla@lingo.com','{\"email\": \"nitin.chawla@lingo.com\", \"firstname\": \"Nitin\", \"lastname\": \"Chawla\", \"username\": \"nitin.chawla\", \"employee_id\": \"prakash.patel@lingo.com\", \"supervisor_email\": \"prakash.patel@lingo.com\"}','2025-08-26 10:21:17','2025-08-26 10:21:17','{\"field\": \"email\", \"type\": \"default\", \"priority\": 999}',0,'active'),(10092,20804,40,'supreet.saluja','supreet.saluja','supreet.saluja@lingo.com','{\"email\": \"supreet.saluja@lingo.com\", \"firstname\": \"Supreet\", \"lastname\": \"Saluja\", \"username\": \"supreet.saluja\", \"employee_id\": \"prakash.patel@lingo.com\", \"supervisor_email\": \"prakash.patel@lingo.com\"}','2025-08-26 10:21:17','2025-08-26 10:21:17','{\"field\": \"email\", \"type\": \"default\", \"priority\": 999}',0,'active'),(10094,20806,40,'scott.metzroth','scott.metzroth','scott.metzroth@lingo.com','{\"email\": \"scott.metzroth@lingo.com\", \"firstname\": \"Scott\", \"lastname\": \"Metzroth\", \"username\": \"scott.metzroth\", \"employee_id\": \"jamie.sark@lingo.com\", \"supervisor_email\": \"jamie.sark@lingo.com\"}','2025-08-26 10:21:17','2025-08-26 10:21:17','{\"field\": \"email\", \"type\": \"default\", \"priority\": 999}',0,'active'),(10096,20808,40,'bharats','bharats','bharats@corp.untd.com','{\"email\": \"bharats@corp.untd.com\", \"firstname\": \"Bharat Kumar\", \"lastname\": \"Suram\", \"username\": \"bharats\", \"employee_id\": \"kudaya@corp.untd.com\", \"supervisor_email\": \"kudaya@corp.untd.com\"}','2025-08-26 10:21:17','2025-08-26 10:21:17','{\"field\": \"email\", \"type\": \"default\", \"priority\": 999}',0,'active'),(10098,20810,40,'anaveen','anaveen','anaveen@corp.untd.com','{\"email\": \"anaveen@corp.untd.com\", \"firstname\": \"Naveen\", \"lastname\": \"Arige\", \"username\": \"anaveen\", \"employee_id\": \"jpeter@corp.untd.com\", \"supervisor_email\": \"jpeter@corp.untd.com\"}','2025-08-26 10:21:17','2025-08-26 10:21:17','{\"field\": \"email\", \"type\": \"default\", \"priority\": 999}',0,'active'),(10100,20812,40,'gjimenez','gjimenez','gjimenez@lingo.com','{\"email\": \"gjimenez@lingo.com\", \"firstname\": \"Gerald\", \"lastname\": \"Jimenez\", \"username\": \"gjimenez\", \"employee_id\": \"lisa.stacey@lingo.com\", \"supervisor_email\": \"lisa.stacey@lingo.com\"}','2025-08-26 10:21:17','2025-08-26 10:21:17','{\"field\": \"email\", \"type\": \"default\", \"priority\": 999}',0,'active'),(10102,20814,40,'skaushal','skaushal','skaushal@lingo.com','{\"email\": \"skaushal@lingo.com\", \"firstname\": \"Saurabh\", \"lastname\": \"Kaushal\", \"username\": \"skaushal\", \"employee_id\": \"prakash.patel@lingo.com\", \"supervisor_email\": \"prakash.patel@lingo.com\"}','2025-08-26 10:21:17','2025-08-26 10:21:17','{\"field\": \"email\", \"type\": \"default\", \"priority\": 999}',0,'active'),(10104,20816,40,'jgupta','jgupta','jgupta@lingo.com','{\"email\": \"jgupta@lingo.com\", \"firstname\": \"Junita\", \"lastname\": \"Gupta\", \"username\": \"jgupta\", \"employee_id\": \"prakash.patel@lingo.com\", \"supervisor_email\": \"prakash.patel@lingo.com\"}','2025-08-26 10:21:17','2025-08-26 10:21:17','{\"field\": \"email\", \"type\": \"default\", \"priority\": 999}',0,'active'),(10106,20818,40,'sameer.shaikh','sameer.shaikh','sameer.shaikh@lingo.com','{\"email\": \"sameer.shaikh@lingo.com\", \"firstname\": \"Sameer\", \"lastname\": \"Shaikh\", \"username\": \"sameer.shaikh\", \"employee_id\": \"lfajohn@lingo.com\", \"supervisor_email\": \"lfajohn@lingo.com\"}','2025-08-26 10:21:17','2025-08-26 10:21:17','{\"field\": \"email\", \"type\": \"default\", \"priority\": 999}',0,'active'),(10108,20820,40,'geshwer','geshwer','geshwer@corp.untd.com','{\"email\": \"geshwer@corp.untd.com\", \"firstname\": \"Eshwer\", \"lastname\": \"Garnepalli\", \"username\": \"geshwer\", \"employee_id\": \"mahender@corp.untd.com\", \"supervisor_email\": \"mahender@corp.untd.com\"}','2025-08-26 10:21:17','2025-08-26 10:21:17','{\"field\": \"email\", \"type\": \"default\", \"priority\": 999}',0,'active'),(10110,20822,40,'ckiran','ckiran','ckiran@corp.untd.com','{\"email\": \"ckiran@corp.untd.com\", \"firstname\": \"Kiran\", \"lastname\": \"Chinnari\", \"username\": \"ckiran\", \"employee_id\": \"nsivan@corp.untd.com\", \"supervisor_email\": \"nsivan@corp.untd.com\"}','2025-08-26 10:21:17','2025-08-26 10:21:17','{\"field\": \"email\", \"type\": \"default\", \"priority\": 999}',0,'active'),(10112,20824,40,'jpavan','jpavan','jpavan@corp.untd.com','{\"email\": \"jpavan@corp.untd.com\", \"firstname\": \"Pavan\", \"lastname\": \"Jangam\", \"username\": \"jpavan\", \"employee_id\": \"mahender@corp.untd.com\", \"supervisor_email\": \"mahender@corp.untd.com\"}','2025-08-26 10:21:17','2025-08-26 10:21:17','{\"field\": \"email\", \"type\": \"default\", \"priority\": 999}',0,'active'),(10114,20826,40,'mpurna','mpurna','mpurna@corp.untd.com','{\"email\": \"mpurna@corp.untd.com\", \"firstname\": \"Purna\", \"lastname\": \"Maddimsetti\", \"username\": \"mpurna\", \"employee_id\": \"mthiyaga@corp.untd.com\", \"supervisor_email\": \"mthiyaga@corp.untd.com\"}','2025-08-26 10:21:17','2025-08-26 10:21:17','{\"field\": \"email\", \"type\": \"default\", \"priority\": 999}',0,'active'),(10116,20828,40,'psiri','psiri','psiri@corp.untd.com','{\"email\": \"psiri@corp.untd.com\", \"firstname\": \"Siri\", \"lastname\": \"Prodduturi\", \"username\": \"psiri\", \"employee_id\": \"pnangun@corp.untd.com\", \"supervisor_email\": \"pnangun@corp.untd.com\"}','2025-08-26 10:21:17','2025-08-26 10:21:17','{\"field\": \"email\", \"type\": \"default\", \"priority\": 999}',0,'active'),(10118,20830,40,'csivakumar','csivakumar','csivakumar@corp.untd.com','{\"email\": \"csivakumar@corp.untd.com\", \"firstname\": \"Sivakumar\", \"lastname\": \"Cheedella\", \"username\": \"csivakumar\", \"employee_id\": \"mthiyaga@corp.untd.com\", \"supervisor_email\": \"mthiyaga@corp.untd.com\"}','2025-08-26 10:21:17','2025-08-26 10:21:17','{\"field\": \"email\", \"type\": \"default\", \"priority\": 999}',0,'active'),(10120,20832,40,'bveda','bveda','bveda@corp.untd.com','{\"email\": \"bveda@corp.untd.com\", \"firstname\": \"Veda\", \"lastname\": \"Botsa\", \"username\": \"bveda\", \"employee_id\": \"kimmanen@corp.untd.com\", \"supervisor_email\": \"kimmanen@corp.untd.com\"}','2025-08-26 10:21:17','2025-08-26 10:21:17','{\"field\": \"email\", \"type\": \"default\", \"priority\": 999}',0,'active'),(10122,20834,40,'anthony.frank','anthony.frank','anthony.frank@ymaxcorp.com','{\"email\": \"anthony.frank@ymaxcorp.com\", \"firstname\": \"Anthony\", \"lastname\": \"Frank\", \"username\": \"anthony.frank\", \"employee_id\": \"steve.orourke@ymaxcorp.com\", \"supervisor_email\": \"steve.orourke@ymaxcorp.com\"}','2025-08-26 10:21:17','2025-08-26 10:21:17','{\"field\": \"email\", \"type\": \"default\", \"priority\": 999}',0,'active'),(10124,20836,40,'clokesh','clokesh','clokesh@corp.untd.com','{\"email\": \"clokesh@corp.untd.com\", \"firstname\": \"Sai\", \"lastname\": \"Chigurusetti\", \"username\": \"clokesh\", \"employee_id\": \"srinig@corp.untd.com\", \"supervisor_email\": \"srinig@corp.untd.com\"}','2025-08-26 10:21:17','2025-08-26 10:21:17','{\"field\": \"email\", \"type\": \"default\", \"priority\": 999}',0,'active'),(10126,20838,40,'sohel.pathan','sohel.pathan','sohel.pathan@lingo.com','{\"email\": \"sohel.pathan@lingo.com\", \"firstname\": \"Sohel\", \"lastname\": \"Pathan\", \"username\": \"sohel.pathan\", \"employee_id\": \"lfajohn@lingo.com\", \"supervisor_email\": \"lfajohn@lingo.com\"}','2025-08-26 10:21:17','2025-08-26 10:21:17','{\"field\": \"email\", \"type\": \"default\", \"priority\": 999}',0,'active'),(10128,20840,40,'rsuryawanshi','rsuryawanshi','rsuryawanshi@lingo.com','{\"email\": \"rsuryawanshi@lingo.com\", \"firstname\": \"Ratnadip\", \"lastname\": \"Suryawanshi\", \"username\": \"rsuryawanshi\", \"employee_id\": \"brian.whitford@lingo.com\", \"supervisor_email\": \"brian.whitford@lingo.com\"}','2025-08-26 10:21:17','2025-08-26 10:21:17','{\"field\": \"email\", \"type\": \"default\", \"priority\": 999}',0,'active'),(10130,20842,40,'llynch','llynch','llynch@lingo.com','{\"email\": \"llynch@lingo.com\", \"firstname\": \"Lisa\", \"lastname\": \"Lynch\", \"username\": \"llynch\", \"employee_id\": \"greg.corwin@lingo.com\", \"supervisor_email\": \"greg.corwin@lingo.com\"}','2025-08-26 10:21:17','2025-08-26 10:21:17','{\"field\": \"email\", \"type\": \"default\", \"priority\": 999}',0,'active'),(10132,20844,40,'abolanos','abolanos','abolanos@lingo.com','{\"email\": \"abolanos@lingo.com\", \"firstname\": \"Ashley\", \"lastname\": \"Bolanos\", \"username\": \"abolanos\", \"employee_id\": \"cbarroso@lingo.com\", \"supervisor_email\": \"cbarroso@lingo.com\"}','2025-08-26 10:21:17','2025-08-26 10:21:17','{\"field\": \"email\", \"type\": \"default\", \"priority\": 999}',0,'active'),(10134,20846,40,'troberson','troberson','troberson@lingo.com','{\"email\": \"troberson@lingo.com\", \"firstname\": \"Trisha\", \"lastname\": \"Roberson\", \"username\": \"troberson\", \"employee_id\": \"karen.brisby@lingo.com\", \"supervisor_email\": \"karen.brisby@lingo.com\"}','2025-08-26 10:21:17','2025-08-26 10:21:17','{\"field\": \"email\", \"type\": \"default\", \"priority\": 999}',0,'active'),(10136,20848,40,'darshani.kapse','darshani.kapse','darshani.kapse@lingo.com','{\"email\": \"darshani.kapse@lingo.com\", \"firstname\": \"Darshani\", \"lastname\": \"Kapse\", \"username\": \"darshani.kapse\", \"employee_id\": \"grant.williams@lingo.com\", \"supervisor_email\": \"grant.williams@lingo.com\"}','2025-08-26 10:21:17','2025-08-26 10:21:17','{\"field\": \"email\", \"type\": \"default\", \"priority\": 999}',0,'active'),(10138,20850,40,'arshad.pansare','arshad.pansare','arshad.pansare@lingo.com','{\"email\": \"arshad.pansare@lingo.com\", \"firstname\": \"Arshad\", \"lastname\": \"Pansare\", \"username\": \"arshad.pansare\", \"employee_id\": \"grant.williams@lingo.com\", \"supervisor_email\": \"grant.williams@lingo.com\"}','2025-08-26 10:21:17','2025-08-26 10:21:17','{\"field\": \"email\", \"type\": \"default\", \"priority\": 999}',0,'active'),(10140,20852,40,'kailash.hiremath','kailash.hiremath','kailash.hiremath@lingo.com','{\"email\": \"kailash.hiremath@lingo.com\", \"firstname\": \"Kailash\", \"lastname\": \"Hiremath\", \"username\": \"kailash.hiremath\", \"employee_id\": \"grant.williams@lingo.com\", \"supervisor_email\": \"grant.williams@lingo.com\"}','2025-08-26 10:21:17','2025-08-26 10:21:17','{\"field\": \"email\", \"type\": \"default\", \"priority\": 999}',0,'active'),(10142,20854,40,'rithika.ethraj','rithika.ethraj','rithika.ethraj@lingo.com','{\"email\": \"rithika.ethraj@lingo.com\", \"firstname\": \"Rithika\", \"lastname\": \"Ethraj\", \"username\": \"rithika.ethraj\", \"employee_id\": \"grant.williams@lingo.com\", \"supervisor_email\": \"grant.williams@lingo.com\"}','2025-08-26 10:21:17','2025-08-26 10:21:17','{\"field\": \"email\", \"type\": \"default\", \"priority\": 999}',0,'active'),(10144,20856,40,'sharad.jadhav','sharad.jadhav','sharad.jadhav@lingo.com','{\"email\": \"sharad.jadhav@lingo.com\", \"firstname\": \"Sharad\", \"lastname\": \"Jadhav\", \"username\": \"sharad.jadhav\", \"employee_id\": \"grant.williams@lingo.com\", \"supervisor_email\": \"grant.williams@lingo.com\"}','2025-08-26 10:21:17','2025-08-26 10:21:17','{\"field\": \"email\", \"type\": \"default\", \"priority\": 999}',0,'active'),(10146,20858,40,'shibham.podhade','shibham.podhade','shibham.podhade@lingo.com','{\"email\": \"shibham.podhade@lingo.com\", \"firstname\": \"Shibham\", \"lastname\": \"Podhade\", \"username\": \"shibham.podhade\", \"employee_id\": \"grant.williams@lingo.com\", \"supervisor_email\": \"grant.williams@lingo.com\"}','2025-08-26 10:21:17','2025-08-26 10:21:17','{\"field\": \"email\", \"type\": \"default\", \"priority\": 999}',0,'active'),(10148,20860,40,'jostin.alcazar','jostin.alcazar','jostin.alcazar@lingo.com','{\"email\": \"jostin.alcazar@lingo.com\", \"firstname\": \"Jostin\", \"lastname\": \"Alcazar\", \"username\": \"jostin.alcazar\", \"employee_id\": \"lfajohn@lingo.com\", \"supervisor_email\": \"lfajohn@lingo.com\"}','2025-08-26 10:21:17','2025-08-26 10:21:17','{\"field\": \"email\", \"type\": \"default\", \"priority\": 999}',0,'active'),(10150,20862,40,'schavan','schavan','schavan@lingo.com','{\"email\": \"schavan@lingo.com\", \"firstname\": \"Sneha\", \"lastname\": \"Chavan\", \"username\": \"schavan\", \"employee_id\": \"brian.whitford@lingo.com\", \"supervisor_email\": \"brian.whitford@lingo.com\"}','2025-08-26 10:21:17','2025-08-26 10:21:17','{\"field\": \"email\", \"type\": \"default\", \"priority\": 999}',0,'active'),(10152,20864,40,'eliecer.leon','eliecer.leon','eliecer.leon@lingo.com','{\"email\": \"eliecer.leon@lingo.com\", \"firstname\": \"Eliecer\", \"lastname\": \"Leon\", \"username\": \"eliecer.leon\", \"employee_id\": \"lisa.stacey@lingo.com\", \"supervisor_email\": \"lisa.stacey@lingo.com\"}','2025-08-26 10:21:17','2025-08-26 10:21:17','{\"field\": \"email\", \"type\": \"default\", \"priority\": 999}',0,'active'),(10154,20866,40,'chaitali.kadu','chaitali.kadu','chaitali.kadu@lingo.com','{\"email\": \"chaitali.kadu@lingo.com\", \"firstname\": \"Chaitali\", \"lastname\": \"Kadu\", \"username\": \"chaitali.kadu\", \"employee_id\": \"grant.williams@lingo.com\", \"supervisor_email\": \"grant.williams@lingo.com\"}','2025-08-26 10:21:17','2025-08-26 10:21:17','{\"field\": \"email\", \"type\": \"default\", \"priority\": 999}',0,'active'),(10156,20868,40,'vivek.patil','vivek.patil','vivek.patil@lingo.com','{\"email\": \"vivek.patil@lingo.com\", \"firstname\": \"Vivek\", \"lastname\": \"Patil\", \"username\": \"vivek.patil\", \"employee_id\": \"grant.williams@lingo.com\", \"supervisor_email\": \"grant.williams@lingo.com\"}','2025-08-26 10:21:17','2025-08-26 10:21:17','{\"field\": \"email\", \"type\": \"default\", \"priority\": 999}',0,'active'),(10158,20870,40,'dmcdowell','dmcdowell','dmcdowell@lingo.com','{\"email\": \"dmcdowell@lingo.com\", \"firstname\": \"Dianne\", \"lastname\": \"McDowell\", \"username\": \"dmcdowell\", \"employee_id\": \"jfreed@lingo.com\", \"supervisor_email\": \"jfreed@lingo.com\"}','2025-08-26 10:21:17','2025-08-26 10:21:17','{\"field\": \"email\", \"type\": \"default\", \"priority\": 999}',0,'active'),(10160,20872,40,'renee.morrow','renee.morrow','renee.morrow@lingo.com','{\"email\": \"renee.morrow@lingo.com\", \"firstname\": \"Renee\", \"lastname\": \"Morrow\", \"username\": \"renee.morrow\", \"employee_id\": \"aveluppillai@brileyfin.com\", \"supervisor_email\": \"aveluppillai@brileyfin.com\"}','2025-08-26 10:21:17','2025-08-26 10:21:17','{\"field\": \"email\", \"type\": \"default\", \"priority\": 999}',0,'active'),(10162,20874,40,'micheal.okegbenro','micheal.okegbenro','micheal.okegbenro@lingo.com','{\"email\": \"micheal.okegbenro@lingo.com\", \"firstname\": \"Micheal\", \"lastname\": \"Okegbenro\", \"username\": \"micheal.okegbenro\", \"employee_id\": \"cbarroso@lingo.com\", \"supervisor_email\": \"cbarroso@lingo.com\"}','2025-08-26 10:21:17','2025-08-26 10:21:17','{\"field\": \"email\", \"type\": \"default\", \"priority\": 999}',0,'active'),(10164,20876,40,'sbhosale','sbhosale','sbhosale@lingo.com','{\"email\": \"sbhosale@lingo.com\", \"firstname\": \"Sagar\", \"lastname\": \"Bhosale\", \"username\": \"sbhosale\", \"employee_id\": \"brian.whitford@lingo.com\", \"supervisor_email\": \"brian.whitford@lingo.com\"}','2025-08-26 10:21:17','2025-08-26 10:21:17','{\"field\": \"email\", \"type\": \"default\", \"priority\": 999}',0,'active'),(10166,20878,40,'rshilpa','rshilpa','rshilpa@corp.untd.com','{\"email\": \"rshilpa@corp.untd.com\", \"firstname\": \"Shilpa\", \"lastname\": \"R S\", \"username\": \"rshilpa\", \"employee_id\": \"asuresh@corp.untd.com\", \"supervisor_email\": \"asuresh@corp.untd.com\"}','2025-08-26 10:21:17','2025-08-26 10:21:17','{\"field\": \"email\", \"type\": \"default\", \"priority\": 999}',0,'active'),(10168,20880,40,'pgopi','pgopi','pgopi@corp.untd.com','{\"email\": \"pgopi@corp.untd.com\", \"firstname\": \"Gopi\", \"lastname\": \"Pasivedala\", \"username\": \"pgopi\", \"employee_id\": \"jnirmal@corp.untd.com\", \"supervisor_email\": \"jnirmal@corp.untd.com\"}','2025-08-26 10:21:17','2025-08-26 10:21:17','{\"field\": \"email\", \"type\": \"default\", \"priority\": 999}',0,'active'),(10170,20882,40,'aman.sayyed','aman.sayyed','aman.sayyed@lingo.com','{\"email\": \"aman.sayyed@lingo.com\", \"firstname\": \"Aman\", \"lastname\": \"Sayyed\", \"username\": \"aman.sayyed\", \"employee_id\": \"lfajohn@lingo.com\", \"supervisor_email\": \"lfajohn@lingo.com\"}','2025-08-26 10:21:17','2025-08-26 10:21:17','{\"field\": \"email\", \"type\": \"default\", \"priority\": 999}',0,'active'),(10172,20884,40,'abhijeet.gaikwad','abhijeet.gaikwad','abhijeet.gaikwad@lingo.com','{\"email\": \"abhijeet.gaikwad@lingo.com\", \"firstname\": \"Abhijeet\", \"lastname\": \"Gaikwad\", \"username\": \"abhijeet.gaikwad\", \"employee_id\": \"lfajohn@lingo.com\", \"supervisor_email\": \"lfajohn@lingo.com\"}','2025-08-26 10:21:17','2025-08-26 10:21:17','{\"field\": \"email\", \"type\": \"default\", \"priority\": 999}',0,'active'),(10174,20886,40,'akhan','akhan','akhan@lingo.com','{\"email\": \"akhan@lingo.com\", \"firstname\": \"Azhar\", \"lastname\": \"Khan\", \"username\": \"akhan\", \"employee_id\": \"azaidi@lingo.com\", \"supervisor_email\": \"azaidi@lingo.com\"}','2025-08-26 10:21:17','2025-08-26 10:21:17','{\"field\": \"email\", \"type\": \"default\", \"priority\": 999}',0,'active'),(10176,20888,40,'mhole','mhole','mhole@lingo.com','{\"email\": \"mhole@lingo.com\", \"firstname\": \"Mayur\", \"lastname\": \"Hole\", \"username\": \"mhole\", \"employee_id\": \"azaidi@lingo.com\", \"supervisor_email\": \"azaidi@lingo.com\"}','2025-08-26 10:21:17','2025-08-26 10:21:17','{\"field\": \"email\", \"type\": \"default\", \"priority\": 999}',0,'active'),(10178,20890,40,'ckirby','ckirby','ckirby@lingo.com','{\"email\": \"ckirby@lingo.com\", \"firstname\": \"Cora\", \"lastname\": \"Kirby\", \"username\": \"ckirby\", \"employee_id\": \"cbarroso@lingo.com\", \"supervisor_email\": \"cbarroso@lingo.com\"}','2025-08-26 10:21:17','2025-08-26 10:21:17','{\"field\": \"email\", \"type\": \"default\", \"priority\": 999}',0,'active'),(10180,20892,40,'abin.george','abin.george','abin.george@lingo.com','{\"email\": \"abin.george@lingo.com\", \"firstname\": \"Abin\", \"lastname\": \"George\", \"username\": \"abin.george\", \"employee_id\": \"karen.brisby@lingo.com\", \"supervisor_email\": \"karen.brisby@lingo.com\"}','2025-08-26 10:21:17','2025-08-26 10:21:17','{\"field\": \"email\", \"type\": \"default\", \"priority\": 999}',0,'active'),(10182,20894,40,'abarfe','abarfe','abarfe@lingo.com','{\"email\": \"abarfe@lingo.com\", \"firstname\": \"Akshay\", \"lastname\": \"Barfe\", \"username\": \"abarfe\", \"employee_id\": \"karen.brisby@lingo.com\", \"supervisor_email\": \"karen.brisby@lingo.com\"}','2025-08-26 10:21:17','2025-08-26 10:21:17','{\"field\": \"email\", \"type\": \"default\", \"priority\": 999}',0,'active'),(10184,20896,40,'achede','achede','achede@lingo.com','{\"email\": \"achede@lingo.com\", \"firstname\": \"Anjali\", \"lastname\": \"Chede\", \"username\": \"achede\", \"employee_id\": \"karen.brisby@lingo.com\", \"supervisor_email\": \"karen.brisby@lingo.com\"}','2025-08-26 10:21:17','2025-08-26 10:21:17','{\"field\": \"email\", \"type\": \"default\", \"priority\": 999}',0,'active'),(10186,20898,40,'akash.ghuge','akash.ghuge','akash.ghuge@lingo.com','{\"email\": \"akash.ghuge@lingo.com\", \"firstname\": \"Akash\", \"lastname\": \"Ghuge\", \"username\": \"akash.ghuge\", \"employee_id\": \"brian.whitford@lingo.com\", \"supervisor_email\": \"brian.whitford@lingo.com\"}','2025-08-26 10:21:17','2025-08-26 10:21:17','{\"field\": \"email\", \"type\": \"default\", \"priority\": 999}',0,'active'),(10188,20900,40,'anmarin','anmarin','anmarin@lingo.com','{\"email\": \"anmarin@lingo.com\", \"firstname\": \"Anthony\", \"lastname\": \"Marin\", \"username\": \"anmarin\", \"employee_id\": \"cbarroso@lingo.com\", \"supervisor_email\": \"cbarroso@lingo.com\"}','2025-08-26 10:21:17','2025-08-26 10:21:17','{\"field\": \"email\", \"type\": \"default\", \"priority\": 999}',0,'active'),(10190,20902,40,'aruikar','aruikar','aruikar@lingo.com','{\"email\": \"aruikar@lingo.com\", \"firstname\": \"Abhishek\", \"lastname\": \"Ruikar\", \"username\": \"aruikar\", \"employee_id\": \"karen.brisby@lingo.com\", \"supervisor_email\": \"karen.brisby@lingo.com\"}','2025-08-26 10:21:17','2025-08-26 10:21:17','{\"field\": \"email\", \"type\": \"default\", \"priority\": 999}',0,'active'),(10192,20904,40,'ashiquep','ashiquep','ashiquep@lingo.com','{\"email\": \"ashiquep@lingo.com\", \"firstname\": \"Ashique\", \"lastname\": \"P\", \"username\": \"ashiquep\", \"employee_id\": \"lfajohn@lingo.com\", \"supervisor_email\": \"lfajohn@lingo.com\"}','2025-08-26 10:21:17','2025-08-26 10:21:17','{\"field\": \"email\", \"type\": \"default\", \"priority\": 999}',0,'active'),(10194,20906,40,'bherrera','bherrera','bherrera@lingo.com','{\"email\": \"bherrera@lingo.com\", \"firstname\": \"Brandon\", \"lastname\": \"Herrera\", \"username\": \"bherrera\", \"employee_id\": \"lfajohn@lingo.com\", \"supervisor_email\": \"lfajohn@lingo.com\"}','2025-08-26 10:21:17','2025-08-26 10:21:17','{\"field\": \"email\", \"type\": \"default\", \"priority\": 999}',0,'active'),(10196,20908,40,'ccabrera','ccabrera','ccabrera@lingo.com','{\"email\": \"ccabrera@lingo.com\", \"firstname\": \"Charlotte\", \"lastname\": \"Cabrera\", \"username\": \"ccabrera\", \"employee_id\": \"cbarroso@lingo.com\", \"supervisor_email\": \"cbarroso@lingo.com\"}','2025-08-26 10:21:17','2025-08-26 10:21:17','{\"field\": \"email\", \"type\": \"default\", \"priority\": 999}',0,'active'),(10198,20910,40,'dgaikwad','dgaikwad','dgaikwad@lingo.com','{\"email\": \"dgaikwad@lingo.com\", \"firstname\": \"Darshan\", \"lastname\": \"Gaikwad\", \"username\": \"dgaikwad\", \"employee_id\": \"karen.brisby@lingo.com\", \"supervisor_email\": \"karen.brisby@lingo.com\"}','2025-08-26 10:21:17','2025-08-26 10:21:17','{\"field\": \"email\", \"type\": \"default\", \"priority\": 999}',0,'active'),(10200,20912,40,'dhajare','dhajare','dhajare@lingo.com','{\"email\": \"dhajare@lingo.com\", \"firstname\": \"Diksha\", \"lastname\": \"Hajare\", \"username\": \"dhajare\", \"employee_id\": \"brian.whitford@lingo.com\", \"supervisor_email\": \"brian.whitford@lingo.com\"}','2025-08-26 10:21:17','2025-08-26 10:21:17','{\"field\": \"email\", \"type\": \"default\", \"priority\": 999}',0,'active'),(10202,20914,40,'drodriguez','drodriguez','drodriguez@lingo.com','{\"email\": \"drodriguez@lingo.com\", \"firstname\": \"Dorian\", \"lastname\": \"Rodriguez\", \"username\": \"drodriguez\", \"employee_id\": \"cbarroso@lingo.com\", \"supervisor_email\": \"cbarroso@lingo.com\"}','2025-08-26 10:21:17','2025-08-26 10:21:17','{\"field\": \"email\", \"type\": \"default\", \"priority\": 999}',0,'active'),(10204,20916,40,'emejias','emejias','emejias@lingo.com','{\"email\": \"emejias@lingo.com\", \"firstname\": \"Estefany\", \"lastname\": \"Mejias\", \"username\": \"emejias\", \"employee_id\": \"lfajohn@lingo.com\", \"supervisor_email\": \"lfajohn@lingo.com\"}','2025-08-26 10:21:17','2025-08-26 10:21:17','{\"field\": \"email\", \"type\": \"default\", \"priority\": 999}',0,'active'),(10206,20918,40,'hchopade','hchopade','hchopade@lingo.com','{\"email\": \"hchopade@lingo.com\", \"firstname\": \"Hrishikesh\", \"lastname\": \"Chopade\", \"username\": \"hchopade\", \"employee_id\": \"brian.whitford@lingo.com\", \"supervisor_email\": \"brian.whitford@lingo.com\"}','2025-08-26 10:21:17','2025-08-26 10:21:17','{\"field\": \"email\", \"type\": \"default\", \"priority\": 999}',0,'active'),(10208,20920,40,'jayprakash.vishwakarma','jayprakash.vishwakarma','jayprakash.vishwakarma@lingo.com','{\"email\": \"jayprakash.vishwakarma@lingo.com\", \"firstname\": \"Jayprakash\", \"lastname\": \"Vishwakarma\", \"username\": \"jayprakash.vishwakarma\", \"employee_id\": \"lfajohn@lingo.com\", \"supervisor_email\": \"lfajohn@lingo.com\"}','2025-08-26 10:21:17','2025-08-26 10:21:17','{\"field\": \"email\", \"type\": \"default\", \"priority\": 999}',0,'active'),(10210,20922,40,'jruiz','jruiz','jruiz@lingo.com','{\"email\": \"jruiz@lingo.com\", \"firstname\": \"Jonathan\", \"lastname\": \"Ruiz\", \"username\": \"jruiz\", \"employee_id\": \"cbarroso@lingo.com\", \"supervisor_email\": \"cbarroso@lingo.com\"}','2025-08-26 10:21:17','2025-08-26 10:21:17','{\"field\": \"email\", \"type\": \"default\", \"priority\": 999}',0,'active'),(10212,20924,40,'mfernanda','mfernanda','mfernanda@lingo.com','{\"email\": \"mfernanda@lingo.com\", \"firstname\": \"Maria\", \"lastname\": \"Fernanda\", \"username\": \"mfernanda\", \"employee_id\": \"lfajohn@lingo.com\", \"supervisor_email\": \"lfajohn@lingo.com\"}','2025-08-26 10:21:17','2025-08-26 10:21:17','{\"field\": \"email\", \"type\": \"default\", \"priority\": 999}',0,'active'),(10214,20926,40,'mnair','mnair','mnair@lingo.com','{\"email\": \"mnair@lingo.com\", \"firstname\": \"Mahesh\", \"lastname\": \"Nair\", \"username\": \"mnair\", \"employee_id\": \"karen.brisby@lingo.com\", \"supervisor_email\": \"karen.brisby@lingo.com\"}','2025-08-26 10:21:17','2025-08-26 10:21:17','{\"field\": \"email\", \"type\": \"default\", \"priority\": 999}',0,'active'),(10216,20928,40,'mosaba','mosaba','mosaba@lingo.com','{\"email\": \"mosaba@lingo.com\", \"firstname\": \"Margarita\", \"lastname\": \"Osaba\", \"username\": \"mosaba\", \"employee_id\": \"cbarroso@lingo.com\", \"supervisor_email\": \"cbarroso@lingo.com\"}','2025-08-26 10:21:17','2025-08-26 10:21:17','{\"field\": \"email\", \"type\": \"default\", \"priority\": 999}',0,'active'),(10218,20930,40,'mpasechnyk','mpasechnyk','mpasechnyk@lingo.com','{\"email\": \"mpasechnyk@lingo.com\", \"firstname\": \"Mary\", \"lastname\": \"Pasechnyk\", \"username\": \"mpasechnyk\", \"employee_id\": \"danilo.cruz@ymaxcorp.com\", \"supervisor_email\": \"danilo.cruz@ymaxcorp.com\"}','2025-08-26 10:21:17','2025-08-26 10:21:17','{\"field\": \"email\", \"type\": \"default\", \"priority\": 999}',0,'active'),(10220,20932,40,'msatkar','msatkar','msatkar@lingo.com','{\"email\": \"msatkar@lingo.com\", \"firstname\": \"Mayuri\", \"lastname\": \"Satkar\", \"username\": \"msatkar\", \"employee_id\": \"brian.whitford@lingo.com\", \"supervisor_email\": \"brian.whitford@lingo.com\"}','2025-08-26 10:21:17','2025-08-26 10:21:17','{\"field\": \"email\", \"type\": \"default\", \"priority\": 999}',0,'active'),(10222,20934,40,'mzeledon','mzeledon','mzeledon@lingo.com','{\"email\": \"mzeledon@lingo.com\", \"firstname\": \"Mario\", \"lastname\": \"Zeledon\", \"username\": \"mzeledon\", \"employee_id\": \"lfajohn@lingo.com\", \"supervisor_email\": \"lfajohn@lingo.com\"}','2025-08-26 10:21:17','2025-08-26 10:21:17','{\"field\": \"email\", \"type\": \"default\", \"priority\": 999}',0,'active'),(10224,20936,40,'naguilar','naguilar','naguilar@lingo.com','{\"email\": \"naguilar@lingo.com\", \"firstname\": \"Nathalie\", \"lastname\": \"Aguilar\", \"username\": \"naguilar\", \"employee_id\": \"cbarroso@lingo.com\", \"supervisor_email\": \"cbarroso@lingo.com\"}','2025-08-26 10:21:17','2025-08-26 10:21:17','{\"field\": \"email\", \"type\": \"default\", \"priority\": 999}',0,'active'),(10226,20938,40,'nmahajan','nmahajan','nmahajan@lingo.com','{\"email\": \"nmahajan@lingo.com\", \"firstname\": \"Nayan\", \"lastname\": \"Mahajan\", \"username\": \"nmahajan\", \"employee_id\": \"karen.brisby@lingo.com\", \"supervisor_email\": \"karen.brisby@lingo.com\"}','2025-08-26 10:21:17','2025-08-26 10:21:17','{\"field\": \"email\", \"type\": \"default\", \"priority\": 999}',0,'active'),(10228,20940,40,'nmora','nmora','nmora@lingo.com','{\"email\": \"nmora@lingo.com\", \"firstname\": \"Nayeli\", \"lastname\": \"Mora\", \"username\": \"nmora\", \"employee_id\": \"lfajohn@lingo.com\", \"supervisor_email\": \"lfajohn@lingo.com\"}','2025-08-26 10:21:17','2025-08-26 10:21:17','{\"field\": \"email\", \"type\": \"default\", \"priority\": 999}',0,'active'),(10230,20942,40,'pchikodi','pchikodi','pchikodi@lingo.com','{\"email\": \"pchikodi@lingo.com\", \"firstname\": \"Prashant\", \"lastname\": \"Chikodi\", \"username\": \"pchikodi\", \"employee_id\": \"karen.brisby@lingo.com\", \"supervisor_email\": \"karen.brisby@lingo.com\"}','2025-08-26 10:21:17','2025-08-26 10:21:17','{\"field\": \"email\", \"type\": \"default\", \"priority\": 999}',0,'active'),(10232,20944,40,'pkumar','pkumar','pkumar@lingo.com','{\"email\": \"pkumar@lingo.com\", \"firstname\": \"Prateek\", \"lastname\": \"Kumar\", \"username\": \"pkumar\", \"employee_id\": \"brian.whitford@lingo.com\", \"supervisor_email\": \"brian.whitford@lingo.com\"}','2025-08-26 10:21:17','2025-08-26 10:21:17','{\"field\": \"email\", \"type\": \"default\", \"priority\": 999}',0,'active'),(10234,20946,40,'pmishra','pmishra','pmishra@lingo.com','{\"email\": \"pmishra@lingo.com\", \"firstname\": \"Priyanka\", \"lastname\": \"Mishra\", \"username\": \"pmishra\", \"employee_id\": \"brian.whitford@lingo.com\", \"supervisor_email\": \"brian.whitford@lingo.com\"}','2025-08-26 10:21:17','2025-08-26 10:21:17','{\"field\": \"email\", \"type\": \"default\", \"priority\": 999}',0,'active'),(10236,20948,40,'rkassa','rkassa','rkassa@lingo.com','{\"email\": \"rkassa@lingo.com\", \"firstname\": \"Rupa\", \"lastname\": \"Kassa\", \"username\": \"rkassa\", \"employee_id\": \"azaidi@lingo.com\", \"supervisor_email\": \"azaidi@lingo.com\"}','2025-08-26 10:21:17','2025-08-26 10:21:17','{\"field\": \"email\", \"type\": \"default\", \"priority\": 999}',0,'active'),(10238,20950,40,'rosingh','rosingh','rosingh@lingo.com','{\"email\": \"rosingh@lingo.com\", \"firstname\": \"Roshan\", \"lastname\": \"Singh\", \"username\": \"rosingh\", \"employee_id\": \"karen.brisby@lingo.com\", \"supervisor_email\": \"karen.brisby@lingo.com\"}','2025-08-26 10:21:17','2025-08-26 10:21:17','{\"field\": \"email\", \"type\": \"default\", \"priority\": 999}',0,'active'),(10240,20952,40,'rpatil','rpatil','rpatil@lingo.com','{\"email\": \"rpatil@lingo.com\", \"firstname\": \"Rakesh\", \"lastname\": \"Patil\", \"username\": \"rpatil\", \"employee_id\": \"karen.brisby@lingo.com\", \"supervisor_email\": \"karen.brisby@lingo.com\"}','2025-08-26 10:21:17','2025-08-26 10:21:17','{\"field\": \"email\", \"type\": \"default\", \"priority\": 999}',0,'active'),(10242,20954,40,'sarroyo','sarroyo','sarroyo@lingo.com','{\"email\": \"sarroyo@lingo.com\", \"firstname\": \"Steven\", \"lastname\": \"Arroyo\", \"username\": \"sarroyo\", \"employee_id\": \"lfajohn@lingo.com\", \"supervisor_email\": \"lfajohn@lingo.com\"}','2025-08-26 10:21:17','2025-08-26 10:21:17','{\"field\": \"email\", \"type\": \"default\", \"priority\": 999}',0,'active'),(10244,20956,40,'sbhalerao','sbhalerao','sbhalerao@lingo.com','{\"email\": \"sbhalerao@lingo.com\", \"firstname\": \"Saurabh\", \"lastname\": \"Bhalerao\", \"username\": \"sbhalerao\", \"employee_id\": \"brian.whitford@lingo.com\", \"supervisor_email\": \"brian.whitford@lingo.com\"}','2025-08-26 10:21:17','2025-08-26 10:21:17','{\"field\": \"email\", \"type\": \"default\", \"priority\": 999}',0,'active'),(10246,20958,40,'sbhasgi','sbhasgi','sbhasgi@lingo.com','{\"email\": \"sbhasgi@lingo.com\", \"firstname\": \"Shashikant\", \"lastname\": \"Bhasgi\", \"username\": \"sbhasgi\", \"employee_id\": \"karen.brisby@lingo.com\", \"supervisor_email\": \"karen.brisby@lingo.com\"}','2025-08-26 10:21:17','2025-08-26 10:21:17','{\"field\": \"email\", \"type\": \"default\", \"priority\": 999}',0,'active'),(10248,20960,40,'sdeshmukh','sdeshmukh','sdeshmukh@lingo.com','{\"email\": \"sdeshmukh@lingo.com\", \"firstname\": \"Supriya\", \"lastname\": \"Deshmukh\", \"username\": \"sdeshmukh\", \"employee_id\": \"brian.whitford@lingo.com\", \"supervisor_email\": \"brian.whitford@lingo.com\"}','2025-08-26 10:21:17','2025-08-26 10:21:17','{\"field\": \"email\", \"type\": \"default\", \"priority\": 999}',0,'active'),(10250,20962,40,'sdwivedi','sdwivedi','sdwivedi@lingo.com','{\"email\": \"sdwivedi@lingo.com\", \"firstname\": \"Sunydeo\", \"lastname\": \"Dwivedi\", \"username\": \"sdwivedi\", \"employee_id\": \"karen.brisby@lingo.com\", \"supervisor_email\": \"karen.brisby@lingo.com\"}','2025-08-26 10:21:17','2025-08-26 10:21:17','{\"field\": \"email\", \"type\": \"default\", \"priority\": 999}',0,'active'),(10252,20964,40,'skamble','skamble','skamble@lingo.com','{\"email\": \"skamble@lingo.com\", \"firstname\": \"Sagar\", \"lastname\": \"Kamble\", \"username\": \"skamble\", \"employee_id\": \"brian.whitford@lingo.com\", \"supervisor_email\": \"brian.whitford@lingo.com\"}','2025-08-26 10:21:17','2025-08-26 10:21:17','{\"field\": \"email\", \"type\": \"default\", \"priority\": 999}',0,'active'),(10254,20966,40,'skumar','skumar','skumar@lingo.com','{\"email\": \"skumar@lingo.com\", \"firstname\": \"Sachin\", \"lastname\": \"Kumar\", \"username\": \"skumar\", \"employee_id\": \"lfajohn@lingo.com\", \"supervisor_email\": \"lfajohn@lingo.com\"}','2025-08-26 10:21:17','2025-08-26 10:21:17','{\"field\": \"email\", \"type\": \"default\", \"priority\": 999}',0,'active'),(10256,20968,40,'spicado','spicado','spicado@lingo.com','{\"email\": \"spicado@lingo.com\", \"firstname\": \"Sabrina\", \"lastname\": \"Picado\", \"username\": \"spicado\", \"employee_id\": \"lfajohn@lingo.com\", \"supervisor_email\": \"lfajohn@lingo.com\"}','2025-08-26 10:21:17','2025-08-26 10:21:17','{\"field\": \"email\", \"type\": \"default\", \"priority\": 999}',0,'active'),(10258,20970,40,'wimam','wimam','wimam@lingo.com','{\"email\": \"wimam@lingo.com\", \"firstname\": \"Washi\", \"lastname\": \"Imam\", \"username\": \"wimam\", \"employee_id\": \"karen.brisby@lingo.com\", \"supervisor_email\": \"karen.brisby@lingo.com\"}','2025-08-26 10:21:17','2025-08-26 10:21:17','{\"field\": \"email\", \"type\": \"default\", \"priority\": 999}',0,'active'),(10260,20972,40,'xmora','xmora','xmora@lingo.com','{\"email\": \"xmora@lingo.com\", \"firstname\": \"Xavier\", \"lastname\": \"Mora\", \"username\": \"xmora\", \"employee_id\": \"lfajohn@lingo.com\", \"supervisor_email\": \"lfajohn@lingo.com\"}','2025-08-26 10:21:17','2025-08-26 10:21:17','{\"field\": \"email\", \"type\": \"default\", \"priority\": 999}',0,'active'),(10262,20974,40,'yhambelant','yhambelant','yhambelant@lingo.com','{\"email\": \"yhambelant@lingo.com\", \"firstname\": \"Yusara\", \"lastname\": \"Hambelant\", \"username\": \"yhambelant\", \"employee_id\": \"lfajohn@lingo.com\", \"supervisor_email\": \"lfajohn@lingo.com\"}','2025-08-26 10:21:17','2025-08-26 10:21:17','{\"field\": \"email\", \"type\": \"default\", \"priority\": 999}',0,'active'),(10264,20976,40,'sshaikh','sshaikh','sshaikh@lingo.com','{\"email\": \"sshaikh@lingo.com\", \"firstname\": \"Sameer\", \"lastname\": \"Shaikh\", \"username\": \"sshaikh\", \"employee_id\": \"brian.whitford@lingo.com\", \"supervisor_email\": \"brian.whitford@lingo.com\"}','2025-08-26 10:21:17','2025-08-26 10:21:17','{\"field\": \"email\", \"type\": \"default\", \"priority\": 999}',0,'active'),(10266,20978,40,'mariana.cordero','mariana.cordero','mariana.cordero@lingo.com','{\"email\": \"mariana.cordero@lingo.com\", \"firstname\": \"Mariana\", \"lastname\": \"Cordero\", \"username\": \"mariana.cordero\", \"employee_id\": \"lisa.stacey@lingo.com\", \"supervisor_email\": \"lisa.stacey@lingo.com\"}','2025-08-26 10:21:17','2025-08-26 10:21:17','{\"field\": \"email\", \"type\": \"default\", \"priority\": 999}',0,'active'),(10268,20980,40,'schannawar','schannawar','schannawar@lingo.com','{\"email\": \"schannawar@lingo.com\", \"firstname\": \"Supriya\", \"lastname\": \"Channawar\", \"username\": \"schannawar\", \"employee_id\": \"brian.whitford@lingo.com\", \"supervisor_email\": \"brian.whitford@lingo.com\"}','2025-08-26 10:21:17','2025-08-26 10:21:17','{\"field\": \"email\", \"type\": \"default\", \"priority\": 999}',0,'active'),(10270,20982,40,'squesada','squesada','squesada@lingo.com','{\"email\": \"squesada@lingo.com\", \"firstname\": \"Saul\", \"lastname\": \"Quesada\", \"username\": \"squesada\", \"employee_id\": \"lisa.stacey@lingo.com\", \"supervisor_email\": \"lisa.stacey@lingo.com\"}','2025-08-26 10:21:17','2025-08-26 10:21:17','{\"field\": \"email\", \"type\": \"default\", \"priority\": 999}',0,'active'),(10272,20984,40,'charanj','charanj','charanj@corp.untd.com','{\"email\": \"charanj@corp.untd.com\", \"firstname\": \"Sai Charan\", \"lastname\": \"J\", \"username\": \"charanj\", \"employee_id\": \"kimmanen@corp.untd.com\", \"supervisor_email\": \"kimmanen@corp.untd.com\"}','2025-08-26 10:21:17','2025-08-26 10:21:17','{\"field\": \"email\", \"type\": \"default\", \"priority\": 999}',0,'active'),(10274,20986,40,'bryan.delgado','bryan.delgado','bryan.delgado@lingo.com','{\"email\": \"bryan.delgado@lingo.com\", \"firstname\": \"Bryan\", \"lastname\": \"Delgado\", \"username\": \"bryan.delgado\", \"employee_id\": \"lisa.stacey@lingo.com\", \"supervisor_email\": \"lisa.stacey@lingo.com\"}','2025-08-26 10:21:17','2025-08-26 10:21:17','{\"field\": \"email\", \"type\": \"default\", \"priority\": 999}',0,'active'),(10276,20988,40,'chandram','chandram','chandram@corp.untd.com','{\"email\": \"chandram@corp.untd.com\", \"firstname\": \"Chandrakanth\", \"lastname\": \"Madival\", \"username\": \"chandram\", \"employee_id\": \"asuresh@corp.untd.com\", \"supervisor_email\": \"asuresh@corp.untd.com\"}','2025-08-26 10:21:17','2025-08-26 10:21:17','{\"field\": \"email\", \"type\": \"default\", \"priority\": 999}',0,'active'),(10278,20990,40,'rajeshm','rajeshm','rajeshm@corp.untd.com','{\"email\": \"rajeshm@corp.untd.com\", \"firstname\": \"Rajesh\", \"lastname\": \"Muthu\", \"username\": \"rajeshm\", \"employee_id\": \"kanil@corp.untd.com\", \"supervisor_email\": \"kanil@corp.untd.com\"}','2025-08-26 10:21:17','2025-08-26 10:21:17','{\"field\": \"email\", \"type\": \"default\", \"priority\": 999}',0,'active'),(10280,20992,40,'juned.shaikh','juned.shaikh','juned.shaikh@lingo.com','{\"email\": \"juned.shaikh@lingo.com\", \"firstname\": \"Juned\", \"lastname\": \"Shaikh\", \"username\": \"juned.shaikh\", \"employee_id\": \"lfajohn@lingo.com\", \"supervisor_email\": \"lfajohn@lingo.com\"}','2025-08-26 10:21:17','2025-08-26 10:21:17','{\"field\": \"email\", \"type\": \"default\", \"priority\": 999}',0,'active'),(10282,20994,40,'kiran.kadekar','kiran.kadekar','kiran.kadekar@lingo.com','{\"email\": \"kiran.kadekar@lingo.com\", \"firstname\": \"Kiran\", \"lastname\": \"Kadekar\", \"username\": \"kiran.kadekar\", \"employee_id\": \"sharad.jadhav@lingo.com\", \"supervisor_email\": \"sharad.jadhav@lingo.com\"}','2025-08-26 10:21:17','2025-08-26 10:21:17','{\"field\": \"email\", \"type\": \"default\", \"priority\": 999}',0,'active'),(10284,20996,40,'frank.jimenez','frank.jimenez','frank.jimenez@lingo.com','{\"email\": \"frank.jimenez@lingo.com\", \"firstname\": \"Frank\", \"lastname\": \"Jimenez\", \"username\": \"frank.jimenez\", \"employee_id\": \"lisa.stacey@lingo.com\", \"supervisor_email\": \"lisa.stacey@lingo.com\"}','2025-08-26 10:21:17','2025-08-26 10:21:17','{\"field\": \"email\", \"type\": \"default\", \"priority\": 999}',0,'active'),(10286,20998,40,'maya.coto','maya.coto','maya.coto@lingo.com','{\"email\": \"maya.coto@lingo.com\", \"firstname\": \"Maya\", \"lastname\": \"Coto\", \"username\": \"maya.coto\", \"employee_id\": \"lisa.stacey@lingo.com\", \"supervisor_email\": \"lisa.stacey@lingo.com\"}','2025-08-26 10:21:17','2025-08-26 10:21:17','{\"field\": \"email\", \"type\": \"default\", \"priority\": 999}',0,'active'),(10288,21000,40,'russel.munoz','russel.munoz','russel.munoz@lingo.com','{\"email\": \"russel.munoz@lingo.com\", \"firstname\": \"Russel\", \"lastname\": \"Munoz\", \"username\": \"russel.munoz\", \"employee_id\": \"lisa.stacey@lingo.com\", \"supervisor_email\": \"lisa.stacey@lingo.com\"}','2025-08-26 10:21:17','2025-08-26 10:21:17','{\"field\": \"email\", \"type\": \"default\", \"priority\": 999}',0,'active'),(10290,21002,40,'maria.vargas','maria.vargas','maria.vargas@lingo.com','{\"email\": \"maria.vargas@lingo.com\", \"firstname\": \"Maria\", \"lastname\": \"Vargas\", \"username\": \"maria.vargas\", \"employee_id\": \"lisa.stacey@lingo.com\", \"supervisor_email\": \"lisa.stacey@lingo.com\"}','2025-08-26 10:21:17','2025-08-26 10:21:17','{\"field\": \"email\", \"type\": \"default\", \"priority\": 999}',0,'active'),(10292,21004,40,'alessandro.guzman','alessandro.guzman','alessandro.guzman@lingo.com','{\"email\": \"alessandro.guzman@lingo.com\", \"firstname\": \"Alessandro\", \"lastname\": \"Guzman\", \"username\": \"alessandro.guzman\", \"employee_id\": \"lisa.stacey@lingo.com\", \"supervisor_email\": \"lisa.stacey@lingo.com\"}','2025-08-26 10:21:17','2025-08-26 10:21:17','{\"field\": \"email\", \"type\": \"default\", \"priority\": 999}',0,'active'),(10294,21006,40,'gauri.nikam','gauri.nikam','gauri.nikam@lingo.com','{\"email\": \"gauri.nikam@lingo.com\", \"firstname\": \"Gauri\", \"lastname\": \"Nikam\", \"username\": \"gauri.nikam\", \"employee_id\": \"brian.whitford@lingo.com\", \"supervisor_email\": \"brian.whitford@lingo.com\"}','2025-08-26 10:21:17','2025-08-26 10:21:17','{\"field\": \"email\", \"type\": \"default\", \"priority\": 999}',0,'active'),(10296,21008,40,'harinadhp','harinadhp','harinadhp@corp.untd.com','{\"email\": \"harinadhp@corp.untd.com\", \"firstname\": \"Harinadh\", \"lastname\": \"Palle\", \"username\": \"harinadhp\", \"employee_id\": \"\", \"supervisor_email\": \"\"}','2025-08-26 10:21:17','2025-08-26 10:21:17','{\"field\": \"email\", \"type\": \"default\", \"priority\": 999}',0,'active'),(10298,21010,40,'kfallas','kfallas','kfallas@lingo.com','{\"email\": \"kfallas@lingo.com\", \"firstname\": \"Kristel\", \"lastname\": \"Fallas\", \"username\": \"kfallas\", \"employee_id\": \"lisa.stacey@lingo.com\", \"supervisor_email\": \"lisa.stacey@lingo.com\"}','2025-08-26 10:21:17','2025-08-26 10:21:17','{\"field\": \"email\", \"type\": \"default\", \"priority\": 999}',0,'active'),(10300,21012,40,'cgarita','cgarita','cgarita@lingo.com','{\"email\": \"cgarita@lingo.com\", \"firstname\": \"Camila\", \"lastname\": \"Garita\", \"username\": \"cgarita\", \"employee_id\": \"lisa.stacey@lingo.com\", \"supervisor_email\": \"lisa.stacey@lingo.com\"}','2025-08-26 10:21:17','2025-08-26 10:21:17','{\"field\": \"email\", \"type\": \"default\", \"priority\": 999}',0,'active'),(10302,21014,40,'schaudhari','schaudhari','schaudhari@lingo.com','{\"email\": \"schaudhari@lingo.com\", \"firstname\": \"Sanket\", \"lastname\": \"Chaudhari\", \"username\": \"schaudhari\", \"employee_id\": \"lfajohn@lingo.com\", \"supervisor_email\": \"lfajohn@lingo.com\"}','2025-08-26 10:21:17','2025-08-26 10:21:17','{\"field\": \"email\", \"type\": \"default\", \"priority\": 999}',0,'active'),(10304,20138,42,'kanil@corp.untd.com',NULL,'kanil@corp.untd.com','{\"companycode\": \"CROWDSTRIKE\", \"firstname\": \"anil\", \"lastname\": \"kumarkadium\", \"email\": \"kanil@corp.untd.com\", \"siteusername\": \"kanil@corp.untd.com\", \"rt\": \"\", \"accesslevelnotes\": \"\\\"Super User\\\"\"}','2025-08-26 11:50:22','2025-09-12 05:53:07','{\"field\": \"email\", \"type\": \"default\", \"priority\": 999}',0,'active'),(10306,20206,42,'mbaba@corp.untd.com',NULL,'mbaba@corp.untd.com','{\"companycode\": \"CROWDSTRIKE\", \"firstname\": \"MohammedIrshad\", \"lastname\": \"Baba\", \"email\": \"mbaba@corp.untd.com\", \"siteusername\": \"mbaba@corp.untd.com\", \"rt\": \"\", \"accesslevelnotes\": \"\\\"Super User\\\"\"}','2025-08-26 11:50:22','2025-09-12 05:53:07','{\"field\": \"email\", \"type\": \"default\", \"priority\": 999}',0,'active'),(10308,20260,42,'craig.lambert@magicjack.com',NULL,'craig.lambert@magicjack.com','{\"companycode\": \"CROWDSTRIKE\", \"firstname\": \"Craig\", \"lastname\": \"Lambert\", \"email\": \"craig.lambert@magicjack.com\", \"siteusername\": \"clambert@corp.untd.com\", \"rt\": \"\", \"accesslevelnotes\": \"\\\"Super User\\\"\"}','2025-08-26 11:50:22','2025-09-12 05:53:07','{\"field\": \"email\", \"type\": \"default\", \"priority\": 999}',0,'active'),(10310,20256,42,'steve.sabados@magicjack.com',NULL,'steve.sabados@magicjack.com','{\"companycode\": \"CROWDSTRIKE\", \"firstname\": \"Steve\", \"lastname\": \"Sabados\", \"email\": \"steve.sabados@magicjack.com\", \"siteusername\": \"steve.sabados@magicjack.com\", \"rt\": \"\", \"accesslevelnotes\": \"\\\"Super User\\\"\"}','2025-08-26 11:50:22','2025-09-12 05:53:07','{\"field\": \"email\", \"type\": \"default\", \"priority\": 999}',0,'active'),(10312,20148,42,'dsercu@corp.untd.com',NULL,'dsercu@corp.untd.com','{\"companycode\": \"CROWDSTRIKE\", \"firstname\": \"Dale\", \"lastname\": \"Sercu\", \"email\": \"dsercu@corp.untd.com\", \"siteusername\": \"dsercu@corp.untd.com\", \"rt\": \"\", \"accesslevelnotes\": \"Manager\"}','2025-08-26 11:50:22','2025-09-12 05:28:04','{\"field\": \"email\", \"type\": \"default\", \"priority\": 999}',0,'deleted'),(10314,20152,42,'srinig@corp.untd.com',NULL,'srinig@corp.untd.com','{\"companycode\": \"CROWDSTRIKE\", \"firstname\": \"Srinivas\", \"lastname\": \"Gurubilli\", \"email\": \"srinig@corp.untd.com\", \"siteusername\": \"srinig@corp.untd.com\", \"rt\": \"\", \"accesslevelnotes\": \"Manager\"}','2025-08-26 11:50:22','2025-09-12 05:53:07','{\"field\": \"email\", \"type\": \"default\", \"priority\": 999}',0,'active'),(10316,20404,42,'krishnamurala@corp.untd.com',NULL,'krishnamurala@corp.untd.com','{\"companycode\": \"CROWDSTRIKE\", \"firstname\": \"Krishna\", \"lastname\": \"Murala\", \"email\": \"krishnamurala@corp.untd.com\", \"siteusername\": \"krishnamurala@corp.untd.com\", \"rt\": \"548531\", \"accesslevelnotes\": \"User\"}','2025-08-26 11:50:22','2025-09-12 05:28:04','{\"field\": \"email\", \"type\": \"default\", \"priority\": 999}',0,'active'),(10550,20138,46,'kanil','kanil','kanil@corp.untd.com','{\"companycode\": \"BURPSUITE\", \"firstname\": \"anil\", \"lastname\": \"kumarkadium\", \"email\": \"kanil@corp.untd.com\", \"siteusername\": \"kanil@corp.untd.com\", \"rt\": \"\", \"accesslevelnotes\": \"User\", \"username\": \"kanil\", \"emailaddress\": \"kanil@corp.untd.com\"}','2025-08-28 10:21:58','2025-09-12 05:53:07','{\"field\": \"email\", \"type\": \"default\", \"priority\": 999}',0,'active'),(10552,20206,46,'mbaba','mbaba','mbaba@corp.untd.com','{\"companycode\": \"BURPSUITE\", \"firstname\": \"mohammedirshad\", \"lastname\": \"baba\", \"email\": \"mbaba@corp.untd.com\", \"siteusername\": \"mbaba@corp.und.com\", \"rt\": \"\", \"accesslevelnotes\": \"User\", \"username\": \"mbaba\", \"emailaddress\": \"mbaba@corp.untd.com\"}','2025-08-28 10:21:58','2025-09-12 05:53:07','{\"field\": \"email\", \"type\": \"default\", \"priority\": 999}',0,'active'),(10554,20144,46,'cvarner','cvarner','cvarner@corp.untd.com','{\"companycode\": \"BURPSUITE\", \"firstname\": \"Curt\", \"lastname\": \"Varner\", \"email\": \"cvarner@corp.untd.com\", \"siteusername\": \"netsecurity@corp.untd.com\", \"rt\": \"\", \"accesslevelnotes\": \"Admin\", \"username\": \"cvarner\", \"emailaddress\": \"cvarner@corp.untd.com\"}','2025-08-28 10:21:58','2025-09-12 05:53:07','{\"field\": \"email\", \"type\": \"default\", \"priority\": 999}',0,'active'),(10734,20240,48,'slakshmi','slakshmi','slakshmi@corp.untd.com','{\"companycode\": \"BULLSEYEFIREBASE\", \"firstname\": \"LakshmiBhargavi\", \"lastname\": \"Sarilla\", \"email\": \"slakshmi@corp.untd.com\", \"siteusername\": \"slakshmi.untd@gmail.com\", \"rt\": \"RT#567717\", \"accesslevelnotes\": \"User\", \"username\": \"slakshmi\", \"emailaddress\": \"slakshmi@corp.untd.com\"}','2025-08-29 07:28:32','2025-09-12 05:53:08','{\"field\": \"email\", \"type\": \"default\", \"priority\": 999}',0,'active'),(10736,20274,48,'craja','craja','craja@corp.untd.com','{\"companycode\": \"BULLSEYEFIREBASE\", \"firstname\": \"Rajashekhar\", \"lastname\": \"Chirunancha\", \"email\": \"craja@corp.untd.com\", \"siteusername\": \"craja.untd@gmail.com\", \"rt\": \"RT#567717\", \"accesslevelnotes\": \"User\", \"username\": \"craja\", \"emailaddress\": \"craja@corp.untd.com\"}','2025-08-29 07:28:32','2025-09-12 05:53:08','{\"field\": \"email\", \"type\": \"default\", \"priority\": 999}',0,'active'),(10738,20432,48,'nsriman','nsriman','nsriman@corp.untd.com','{\"companycode\": \"BULLSEYEFIREBASE\", \"firstname\": \"SrimanSai\", \"lastname\": \"Nerella\", \"email\": \"nsriman@corp.untd.com\", \"siteusername\": \"nsriman@corp.untd.com\", \"rt\": \"RT#567717\", \"accesslevelnotes\": \"User\", \"username\": \"nsriman\", \"emailaddress\": \"nsriman@corp.untd.com\"}','2025-08-29 07:28:32','2025-09-12 05:53:08','{\"field\": \"email\", \"type\": \"default\", \"priority\": 999}',0,'active'),(10740,20324,48,'mkhandyana','mkhandyana','mkhandyana@corp.untd.com','{\"companycode\": \"BULLSEYEFIREBASE\", \"firstname\": \"Madhuri\", \"lastname\": \"Khandyana\", \"email\": \"mkhandyana@corp.untd.com\", \"siteusername\": \"mkhandyana.untd@gmail.com\", \"rt\": \"RT#567717\", \"accesslevelnotes\": \"User\", \"username\": \"mkhandyana\", \"emailaddress\": \"mkhandyana@corp.untd.com\"}','2025-08-29 07:28:32','2025-09-12 05:53:08','{\"field\": \"email\", \"type\": \"default\", \"priority\": 999}',0,'active'),(10742,20328,48,'mhaashim','mhaashim','mhaashim@corp.untd.com','{\"companycode\": \"BULLSEYEFIREBASE\", \"firstname\": \"Haashim\", \"lastname\": \"Muhammad\", \"email\": \"mhaashim@corp.untd.com\", \"siteusername\": \"mhaashim.untd@gmail.com\", \"rt\": \"RT#567717\", \"accesslevelnotes\": \"User\", \"username\": \"mhaashim\", \"emailaddress\": \"mhaashim@corp.untd.com\"}','2025-08-29 07:28:32','2025-09-12 05:53:08','{\"field\": \"email\", \"type\": \"default\", \"priority\": 999}',0,'active'),(10744,20438,48,'avadlamuri','avadlamuri','avadlamuri@corp.untd.com','{\"companycode\": \"BULLSEYEFIREBASE\", \"firstname\": \"AbhiSusant\", \"lastname\": \"Vadlamuri\", \"email\": \"avadlamuri@corp.untd.com\", \"siteusername\": \"avadlamuri@corp.untd.com\", \"rt\": \"RT#567717\", \"accesslevelnotes\": \"User\", \"username\": \"avadlamuri\", \"emailaddress\": \"avadlamuri@corp.untd.com\"}','2025-08-29 07:28:32','2025-09-12 05:53:08','{\"field\": \"email\", \"type\": \"default\", \"priority\": 999}',0,'active'),(10746,20416,48,'apramod','apramod','apramod@corp.untd.com','{\"companycode\": \"BULLSEYEFIREBASE\", \"firstname\": \"PramodKumar\", \"lastname\": \"Arikatla\", \"email\": \"apramod@corp.untd.com\", \"siteusername\": \"apramod@corp.untd.com\", \"rt\": \"RT#567717\", \"accesslevelnotes\": \"User\", \"username\": \"apramod\", \"emailaddress\": \"apramod@corp.untd.com\"}','2025-08-29 07:28:32','2025-09-12 05:53:08','{\"field\": \"email\", \"type\": \"default\", \"priority\": 999}',0,'active'),(10748,20654,48,'vphimmasone','vphimmasone','vphimmasone@lingo.com','{\"companycode\": \"BULLSEYEFIREBASE\", \"firstname\": \"Vannasouk\", \"lastname\": \"Phimmasone\", \"email\": \"vphimmasone@lingo.com\", \"siteusername\": \"vphimmasone@lingo.com\", \"rt\": \"RT#567717\", \"accesslevelnotes\": \"Admin\", \"username\": \"vphimmasone\", \"emailaddress\": \"vphimmasone@lingo.com\"}','2025-08-29 07:28:32','2025-09-12 05:53:08','{\"field\": \"email\", \"type\": \"default\", \"priority\": 999}',0,'active'),(10750,20128,48,'sghosh','sghosh','sghosh@corp.untd.com','{\"companycode\": \"BULLSEYEFIREBASE\", \"firstname\": \"Saurav\", \"lastname\": \"Ghosh\", \"email\": \"sghosh@corp.untd.com\", \"siteusername\": \"sghosh@corp.untd.com\", \"rt\": \"RT#567717\", \"accesslevelnotes\": \"User\", \"username\": \"sghosh\", \"emailaddress\": \"sghosh@corp.untd.com\"}','2025-08-29 07:28:32','2025-09-12 05:53:08','{\"field\": \"email\", \"type\": \"default\", \"priority\": 999}',0,'active'),(10752,20146,50,'mthiyaga','mthiyaga','mthiyaga@corp.untd.com','{\"companycode\": \"BULLSEYEAPPSTORE\", \"firstname\": \"Thiyagarajan\", \"lastname\": \"Muthulakshmanan\", \"email\": \"mthiyaga@corp.untd.com\", \"siteusername\": \"mthiyaga@corp.untd.com\", \"rt\": \"RT#567717\", \"accesslevelnotes\": \"Admin\", \"username\": \"mthiyaga\", \"emailaddress\": \"mthiyaga@corp.untd.com\"}','2025-08-29 10:03:31','2025-09-12 05:53:08','{\"field\": \"email\", \"type\": \"default\", \"priority\": 999}',0,'active'),(10754,20328,50,'mhaashim','mhaashim','mhaashim@corp.untd.com','{\"companycode\": \"BULLSEYEAPPSTORE\", \"firstname\": \"Haashim\", \"lastname\": \"Muhammad\", \"email\": \"mhaashim@corp.untd.com\", \"siteusername\": \"mhaashim.untd@gmail.com\", \"rt\": \"RT#567717\", \"accesslevelnotes\": \"User\", \"username\": \"mhaashim\", \"emailaddress\": \"mhaashim@corp.untd.com\"}','2025-08-29 10:03:31','2025-09-12 05:53:08','{\"field\": \"email\", \"type\": \"default\", \"priority\": 999}',0,'active'),(10756,20438,50,'avadlamuri','avadlamuri','avadlamuri@corp.untd.com','{\"companycode\": \"BULLSEYEAPPSTORE\", \"firstname\": \"AbhiSusant\", \"lastname\": \"Vadlamuri\", \"email\": \"avadlamuri@corp.untd.com\", \"siteusername\": \"avadlamuri@corp.untd.com\", \"rt\": \"RT#567717\", \"accesslevelnotes\": \"User\", \"username\": \"avadlamuri\", \"emailaddress\": \"avadlamuri@corp.untd.com\"}','2025-08-29 10:03:31','2025-09-12 05:53:08','{\"field\": \"email\", \"type\": \"default\", \"priority\": 999}',0,'active'),(10758,20416,50,'apramod','apramod','apramod@corp.untd.com','{\"companycode\": \"BULLSEYEAPPSTORE\", \"firstname\": \"PramodKumar\", \"lastname\": \"Arikatla\", \"email\": \"apramod@corp.untd.com\", \"siteusername\": \"apramod@corp.untd.com\", \"rt\": \"RT#567717\", \"accesslevelnotes\": \"User\", \"username\": \"apramod\", \"emailaddress\": \"apramod@corp.untd.com\"}','2025-08-29 10:03:31','2025-09-12 05:53:08','{\"field\": \"email\", \"type\": \"default\", \"priority\": 999}',0,'active'),(10760,20128,50,'sghosh','sghosh','sghosh@corp.untd.com','{\"companycode\": \"BULLSEYEAPPSTORE\", \"firstname\": \"Saurav\", \"lastname\": \"Ghosh\", \"email\": \"sghosh@corp.untd.com\", \"siteusername\": \"sghosh@corp.untd.com\", \"rt\": \"RT#567717\", \"accesslevelnotes\": \"Admin\", \"username\": \"sghosh\", \"emailaddress\": \"sghosh@corp.untd.com\"}','2025-08-29 10:03:31','2025-09-12 05:53:08','{\"field\": \"email\", \"type\": \"default\", \"priority\": 999}',0,'active'),(10762,20454,50,'cbanka','cbanka','cbanka@lingo.com','{\"companycode\": \"BULLSEYEAPPSTORE\", \"firstname\": \"Clayton\", \"lastname\": \"Banka\", \"email\": \"cbanka@lingo.com\", \"siteusername\": \"cbanka@bullseyetelecom.com\", \"rt\": \"\", \"accesslevelnotes\": \"Admin\", \"username\": \"cbanka\", \"emailaddress\": \"cbanka@lingo.com\"}','2025-08-29 10:03:31','2025-09-12 05:53:08','{\"field\": \"email\", \"type\": \"default\", \"priority\": 999}',0,'active'),(10764,20654,50,'vphimmasone','vphimmasone','vphimmasone@lingo.com','{\"companycode\": \"BULLSEYEAPPSTORE\", \"firstname\": \"Vannasouk\", \"lastname\": \"Phimmasone\", \"email\": \"vphimmasone@lingo.com\", \"siteusername\": \"vphimmasone@lingo.com\", \"rt\": \"\", \"accesslevelnotes\": \"Account Holder\", \"username\": \"vphimmasone\", \"emailaddress\": \"vphimmasone@lingo.com\"}','2025-08-29 10:03:31','2025-09-12 05:53:08','{\"field\": \"email\", \"type\": \"default\", \"priority\": 999}',0,'active'),(11234,35332,42,'dsercue@corp.untd.com',NULL,'dsercue@corp.untd.com','{\"companycode\": \"CROWDSTRIKE\", \"firstname\": \"Dales\", \"lastname\": \"Sercue\", \"email\": \"dsercue@corp.untd.com\", \"siteusername\": \"dsercue@corp.untd.com\", \"rt\": \"\", \"accesslevelnotes\": \"Manager\"}','2025-09-01 12:16:46','2025-09-02 05:28:07','{\"manual\":true}',0,'deleted'),(11264,35618,42,'krishmurala@corp.untd.com',NULL,'krishmurala@corp.untd.com','{\"companycode\": \"CROWDSTRIKE\", \"firstname\": \"Krish\", \"lastname\": \"Murala\", \"email\": \"krishmurala@corp.untd.com\", \"siteusername\": \"krishmurala@corp.untd.com\", \"rt\": \"548532\", \"accesslevelnotes\": \"User\"}','2025-09-02 07:20:27','2025-09-05 06:52:31','{\"field\": \"email\", \"type\": \"default\", \"priority\": 999}',0,'active'),(11296,35618,46,'krishmurala','krishmurala','krishmurala@corp.untd.com','{\"companycode\": \"BURPSUITE\", \"firstname\": \"Krish\", \"lastname\": \"Murala\", \"email\": \"krishmurala@corp.untd.com\", \"siteusername\": \"krishmurala@corp.untd.com\", \"rt\": \"\", \"accesslevelnotes\": \"Admin\", \"username\": \"krishmurala\", \"emailaddress\": \"krishmurala@corp.untd.com\"}','2025-09-02 07:27:03','2025-09-12 05:53:07','{\"field\": \"email\", \"type\": \"default\", \"priority\": 999}',0,'active');
/*!40000 ALTER TABLE `user_accounts` ENABLE KEYS */;
UNLOCK TABLES;

--
-- Table structure for table `user_roles`
--

DROP TABLE IF EXISTS `user_roles`;
/*!40101 SET @saved_cs_client     = @@character_set_client */;
/*!40101 SET character_set_client = utf8 */;
CREATE TABLE `user_roles` (
  `user_id` int(11) NOT NULL,
  `role_id` int(11) NOT NULL,
  PRIMARY KEY (`user_id`,`role_id`),
  KEY `role_id` (`role_id`),
  CONSTRAINT `user_roles_ibfk_1` FOREIGN KEY (`role_id`) REFERENCES `roles` (`role_id`) ON DELETE CASCADE
) ENGINE=InnoDB DEFAULT CHARSET=utf8mb4 COLLATE=utf8mb4_general_ci;
/*!40101 SET character_set_client = @saved_cs_client */;

--
-- Dumping data for table `user_roles`
--

LOCK TABLES `user_roles` WRITE;
/*!40000 ALTER TABLE `user_roles` DISABLE KEYS */;
/*!40000 ALTER TABLE `user_roles` ENABLE KEYS */;
UNLOCK TABLES;

--
-- Table structure for table `users`
--

DROP TABLE IF EXISTS `users`;
/*!40101 SET @saved_cs_client     = @@character_set_client */;
/*!40101 SET character_set_client = utf8 */;
CREATE TABLE `users` (
  `id` int(11) NOT NULL AUTO_INCREMENT,
  `employee_id` varchar(50) DEFAULT NULL,
  `first_name` varchar(100) DEFAULT NULL,
  `last_name` varchar(100) DEFAULT NULL,
  `email` varchar(255) DEFAULT NULL,
  `status` enum('active','inactive','terminated') DEFAULT 'active',
  `created_at` timestamp NOT NULL DEFAULT current_timestamp(),
  `updated_at` timestamp NOT NULL DEFAULT current_timestamp() ON UPDATE current_timestamp(),
  `supervisor` varchar(255) DEFAULT NULL,
  `supervisor_email` varchar(255) DEFAULT NULL,
  PRIMARY KEY (`id`),
  UNIQUE KEY `email` (`email`)
) ENGINE=InnoDB AUTO_INCREMENT=49596 DEFAULT CHARSET=utf8mb4 COLLATE=utf8mb4_general_ci;
/*!40101 SET character_set_client = @saved_cs_client */;

--
-- Dumping data for table `users`
--

LOCK TABLES `users` WRITE;
/*!40000 ALTER TABLE `users` DISABLE KEYS */;
INSERT INTO `users` VALUES (20122,'pmurphy@brileyfin.com','Raquel','Orozco','rorozco@brileyfin.com','active','2025-08-26 09:11:06','2025-09-12 05:53:06',NULL,'pmurphy@brileyfin.com'),(20124,'','Karl','Arambulo','karambulo@corp.untd.com','active','2025-08-26 09:11:06','2025-09-12 05:53:06',NULL,''),(20126,'cvarner@corp.untd.com','William','Bowen','wbowen@corp.untd.com','active','2025-08-26 09:11:06','2025-09-12 05:53:06',NULL,'cvarner@corp.untd.com'),(20128,'mvkris@corp.untd.com','Saurav','Ghosh','sghosh@corp.untd.com','active','2025-08-26 09:11:06','2025-09-12 05:53:06',NULL,'mvkris@corp.untd.com'),(20130,'wbowen@corp.untd.com','Natalia','Alshansky','nbezborodova@corp.untd.com','active','2025-08-26 09:11:06','2025-09-12 05:53:06',NULL,'wbowen@corp.untd.com'),(20132,'sghosh@corp.untd.com','Kari Basappa','Gudekota','gbasappa@corp.untd.com','active','2025-08-26 09:11:06','2025-09-12 05:53:06',NULL,'sghosh@corp.untd.com'),(20134,'cvarner@corp.untd.com','Davin','Milun','dmilun@corp.untd.com','active','2025-08-26 09:11:06','2025-09-12 05:53:06',NULL,'cvarner@corp.untd.com'),(20136,'sghosh@corp.untd.com','Ravindran','Navaneethan','indran@corp.untd.com','active','2025-08-26 09:11:06','2025-09-12 05:53:06',NULL,'sghosh@corp.untd.com'),(20138,'mvkris@corp.untd.com','Anil','Kadium','kanil@corp.untd.com','active','2025-08-26 09:11:06','2025-09-12 05:53:06',NULL,'mvkris@corp.untd.com'),(20140,'pmurali@corp.untd.com','Sapan','Gupta','gsapan@corp.untd.com','active','2025-08-26 09:11:06','2025-09-12 05:53:06',NULL,'pmurali@corp.untd.com'),(20142,'wbowen@corp.untd.com','Sridharan','Balamanickam','SBala@corp.untd.com','active','2025-08-26 09:11:06','2025-09-12 05:53:06',NULL,'wbowen@corp.untd.com'),(20144,'aveluppillai@brileyfin.com','Curtis','Varner','cvarner@corp.untd.com','active','2025-08-26 09:11:06','2025-09-12 05:53:06',NULL,'aveluppillai@brileyfin.com'),(20146,'sghosh@corp.untd.com','Thiyagarajan','Muthulakshmanan','mthiyaga@corp.untd.com','active','2025-08-26 09:11:06','2025-09-12 05:53:06',NULL,'sghosh@corp.untd.com'),(20148,'dmilun@corp.untd.com','Dale','Sercu','dsercu@corp.untd.com','inactive','2025-08-26 09:11:06','2025-09-04 10:53:06',NULL,'dmilun@corp.untd.com'),(20150,'kanil@corp.untd.com','Joshua','Pottipadu','jpeter@corp.untd.com','active','2025-08-26 09:11:06','2025-09-12 05:53:06',NULL,'kanil@corp.untd.com'),(20152,'kanil@corp.untd.com','Srinivas','Gurubilli','srinig@corp.untd.com','active','2025-08-26 09:11:06','2025-09-12 05:53:06',NULL,'kanil@corp.untd.com'),(20154,'kanil@corp.untd.com','Udaya','Kalaskar','kudaya@corp.untd.com','active','2025-08-26 09:11:06','2025-09-12 05:53:06',NULL,'kanil@corp.untd.com'),(20156,'pmurphy@brileyfin.com','Matthew','Aw','maw@brileyfin.com','active','2025-08-26 09:11:06','2025-09-12 05:53:06',NULL,'pmurphy@brileyfin.com'),(20158,'mvkris@corp.untd.com','Siva','Mudiyala','smudiyal@corp.untd.com','active','2025-08-26 09:11:06','2025-09-12 05:53:06',NULL,'mvkris@corp.untd.com'),(20160,'jcook@corp.untd.com','Jacqueline','Bandini','jbandini@corp.untd.com','active','2025-08-26 09:11:06','2025-09-12 05:53:06',NULL,'jcook@corp.untd.com'),(20162,'dsercu@corp.untd.com','Eric','Schultz','eschultz@corp.untd.com','active','2025-08-26 09:11:06','2025-09-12 05:53:06',NULL,'dsercu@corp.untd.com'),(20164,'mvkris@corp.untd.com','Lavanya','Sheguri','lsheguri@corp.untd.com','active','2025-08-26 09:11:06','2025-09-12 05:53:06',NULL,'mvkris@corp.untd.com'),(20166,'mvkris@corp.untd.com','Ratnakar','Akella','ratnakar@corp.untd.com','active','2025-08-26 09:11:06','2025-09-12 05:53:06',NULL,'mvkris@corp.untd.com'),(20168,'sathpv@corp.untd.com','Mahender','Balusani','mahender@corp.untd.com','active','2025-08-26 09:11:06','2025-09-12 05:53:06',NULL,'sathpv@corp.untd.com'),(20170,'sghosh@corp.untd.com','Satheesan','Periyattu Veetil','sathpv@corp.untd.com','active','2025-08-26 09:11:06','2025-09-12 05:53:06',NULL,'sghosh@corp.untd.com'),(20172,'dmilun@corp.untd.com','Fred','Holtz','FHoltz@corp.untd.com','active','2025-08-26 09:11:06','2025-09-12 05:53:06',NULL,'dmilun@corp.untd.com'),(20174,'cvarner@corp.untd.com','Venkata','Meesala','mvkris@corp.untd.com','active','2025-08-26 09:11:06','2025-09-12 05:53:06',NULL,'cvarner@corp.untd.com'),(20176,'pmurali@corp.untd.com','Praveen','Rasaputhra','rpraveen@corp.untd.com','active','2025-08-26 09:11:06','2025-09-12 05:53:06',NULL,'pmurali@corp.untd.com'),(20178,'kanil@corp.untd.com','Tharmika Pavan Kumar','Agnihotram','tpavan@corp.untd.com','active','2025-08-26 09:11:06','2025-09-12 05:53:06',NULL,'kanil@corp.untd.com'),(20180,'gbasappa@corp.untd.com','Manoj Kumar','Gontala','mgontala@corp.untd.com','active','2025-08-26 09:11:06','2025-09-12 05:53:06',NULL,'gbasappa@corp.untd.com'),(20182,'ratnakar@corp.untd.com','Veeraiah','Kande','vkande@corp.untd.com','active','2025-08-26 09:11:06','2025-09-12 05:53:06',NULL,'ratnakar@corp.untd.com'),(20184,'pmurali@corp.untd.com','Jaswanth','Mangapatnam','jmangapa@corp.untd.com','active','2025-08-26 09:11:06','2025-09-12 05:53:06',NULL,'pmurali@corp.untd.com'),(20186,'pmurphy@brileyfin.com','Marjee Reth','Martinez','jmartinez@brileyfin.com','active','2025-08-26 09:11:06','2025-09-12 05:53:06',NULL,'pmurphy@brileyfin.com'),(20188,'lsheguri@corp.untd.com','Suresh','Akkapeddi','asuresh@corp.untd.com','active','2025-08-26 09:11:06','2025-09-12 05:53:06',NULL,'lsheguri@corp.untd.com'),(20190,'pmurphy@brileyfin.com','Rudy','Lopez','rlopez@brileyfin.com','active','2025-08-26 09:11:06','2025-09-12 05:53:06',NULL,'pmurphy@brileyfin.com'),(20192,'indran@corp.untd.com','Satyanarayana','Potham','spotham@corp.untd.com','active','2025-08-26 09:11:06','2025-09-12 05:53:06',NULL,'indran@corp.untd.com'),(20194,'smudiyal@corp.untd.com','Kalyan','Immaneni','kimmanen@corp.untd.com','active','2025-08-26 09:11:06','2025-09-12 05:53:06',NULL,'smudiyal@corp.untd.com'),(20196,'','Patrick','Murphy','pmurphy@brileyfin.com','active','2025-08-26 09:11:06','2025-09-12 05:53:06',NULL,''),(20198,'mvkris@corp.untd.com','Murali','Pachipala','pmurali@corp.untd.com','active','2025-08-26 09:11:06','2025-09-12 05:53:06',NULL,'mvkris@corp.untd.com'),(20200,'sathpv@corp.untd.com','Ramesh','Kaparthi','rkapart@corp.untd.com','active','2025-08-26 09:11:06','2025-09-12 05:53:06',NULL,'sathpv@corp.untd.com'),(20202,'pmurali@corp.untd.com','Kishore','Mediboyina','kmedi@corp.untd.com','active','2025-08-26 09:11:06','2025-09-12 05:53:06',NULL,'pmurali@corp.untd.com'),(20204,'cvarner@corp.untd.com','Allison','King','aking@corp.untd.com','active','2025-08-26 09:11:06','2025-09-12 05:53:06',NULL,'cvarner@corp.untd.com'),(20206,'srinig@corp.untd.com','Irshad','Mohammed','mbaba@corp.untd.com','active','2025-08-26 09:11:06','2025-09-12 05:53:06',NULL,'srinig@corp.untd.com'),(20208,'gbasappa@corp.untd.com','Praveen','Nangunoori','pnangun@corp.untd.com','active','2025-08-26 09:11:06','2025-09-12 05:53:06',NULL,'gbasappa@corp.untd.com'),(20210,'lsheguri@corp.untd.com','Sai','Veldurti','vsai@corp.untd.com','active','2025-08-26 09:11:06','2025-09-12 05:53:06',NULL,'lsheguri@corp.untd.com'),(20212,'karambulo@corp.untd.com','Ashot','Gabrielyan','agabrielyan@corp.untd.com','active','2025-08-26 09:11:06','2025-09-12 05:53:06',NULL,'karambulo@corp.untd.com'),(20214,'ratnakar@corp.untd.com','Sarma','Vadlamani','dvadlam@corp.untd.com','active','2025-08-26 09:11:06','2025-09-12 05:53:06',NULL,'ratnakar@corp.untd.com'),(20216,'cvarner@corp.untd.com','Jenell','Cook','jcook@corp.untd.com','active','2025-08-26 09:11:06','2025-09-12 05:53:06',NULL,'cvarner@corp.untd.com'),(20218,'','Ananthan','Veluppillai','aveluppillai@brileyfin.com','active','2025-08-26 09:11:06','2025-09-12 05:53:06',NULL,''),(20220,'kudaya@corp.untd.com','Mani','Gali','mkgali@corp.untd.com','active','2025-08-26 09:11:06','2025-09-12 05:53:06',NULL,'kudaya@corp.untd.com'),(20222,'','Tom','Kelleher','tkelleher@brileyco.com','active','2025-08-26 09:11:06','2025-09-12 05:53:06',NULL,''),(20224,'','Michael','Biener','mbiener@brileyco.com','active','2025-08-26 09:11:06','2025-09-12 05:53:06',NULL,''),(20226,'','Gary','Chase','gchase@brileyco.com','active','2025-08-26 09:11:06','2025-09-12 05:53:06',NULL,''),(20228,'','Christopher','McGinley','cmcginley@greatamerican.com','active','2025-08-26 09:11:06','2025-09-12 05:53:06',NULL,''),(20230,'mthiyaga@corp.untd.com','Elangovan','O K','Elangova@corp.untd.com','active','2025-08-26 09:11:06','2025-09-12 05:53:06',NULL,'mthiyaga@corp.untd.com'),(20232,'sghosh@corp.untd.com','Nirmal','Jhiloria','jnirmal@corp.untd.com','active','2025-08-26 09:11:06','2025-09-12 05:53:06',NULL,'sghosh@corp.untd.com'),(20234,'mahender@corp.untd.com','Hema','Magapu','mvhema@corp.untd.com','active','2025-08-26 09:11:06','2025-09-12 05:53:06',NULL,'mahender@corp.untd.com'),(20236,'mahender@corp.untd.com','Rameshprabhu','Palani','prprabhu@corp.untd.com','active','2025-08-26 09:11:06','2025-09-12 05:53:06',NULL,'mahender@corp.untd.com'),(20238,'mthiyaga@corp.untd.com','Sriram','Saranga','ssriram@corp.untd.com','active','2025-08-26 09:11:06','2025-09-12 05:53:06',NULL,'mthiyaga@corp.untd.com'),(20240,'sghosh@corp.untd.com','Lakshmi','Sarilla','slakshmi@corp.untd.com','active','2025-08-26 09:11:06','2025-09-12 05:53:06',NULL,'sghosh@corp.untd.com'),(20242,'indran@corp.untd.com','Nandakumar','S','nsivan@corp.untd.com','active','2025-08-26 09:11:06','2025-09-12 05:53:06',NULL,'indran@corp.untd.com'),(20244,'smudiyal@corp.untd.com','Abhishek','Madduri','amadduri@corp.untd.com','active','2025-08-26 09:11:06','2025-09-12 05:53:06',NULL,'smudiyal@corp.untd.com'),(20246,'ratnakar@corp.untd.com','Suresh','Challa','scchalla@corp.untd.com','active','2025-08-26 09:11:06','2025-09-12 05:53:06',NULL,'ratnakar@corp.untd.com'),(20248,'mthiyaga@corp.untd.com','Krishna','Pittala','kpittala@corp.untd.com','active','2025-08-26 09:11:06','2025-09-12 05:53:06',NULL,'mthiyaga@corp.untd.com'),(20250,'kudaya@corp.untd.com','Veerabrahmam','Yendapalli','vyenda@corp.untd.com','active','2025-08-26 09:11:06','2025-09-12 05:53:06',NULL,'kudaya@corp.untd.com'),(20252,'kudaya@corp.untd.com','Rajesh','Valluri','rvallur@corp.untd.com','active','2025-08-26 09:11:06','2025-09-12 05:53:06',NULL,'kudaya@corp.untd.com'),(20254,'kudaya@corp.untd.com','Dilip Kumar','Nagaram','dnagaram@corp.untd.com','active','2025-08-26 09:11:06','2025-09-12 05:53:06',NULL,'kudaya@corp.untd.com'),(20256,'dmilun@corp.untd.com','Steven','Sabados','steve.sabados@magicjack.com','active','2025-08-26 09:11:06','2025-09-12 05:53:06',NULL,'dmilun@corp.untd.com'),(20258,'smudiyal@corp.untd.com','Narendra','P. G. V. V.','narendra@corp.untd.com','active','2025-08-26 09:11:06','2025-09-12 05:53:06',NULL,'smudiyal@corp.untd.com'),(20260,'steve.sabados@magicjack.com','Craig','Lambert','craig.lambert@magicjack.com','active','2025-08-26 09:11:06','2025-09-12 05:53:06',NULL,'steve.sabados@magicjack.com'),(20262,'aveluppillai@brileyfin.com','Laurie','Frank','laurie.frank@magicjack.com','active','2025-08-26 09:11:06','2025-09-12 05:53:06',NULL,'aveluppillai@brileyfin.com'),(20264,'steve.sabados@magicjack.com','Lane','Shackelford','lane.shackelford@magicjack.com','active','2025-08-26 09:11:06','2025-09-12 05:53:06',NULL,'steve.sabados@magicjack.com'),(20266,'cvarner@corp.untd.com','Jonathan','Wang','jonathan.wang@magicjack.com','active','2025-08-26 09:11:06','2025-09-12 05:53:06',NULL,'cvarner@corp.untd.com'),(20268,'jonathan.wang@magicjack.com','Fuliang','Yuan','frank.yuan@magicjack.com','active','2025-08-26 09:11:06','2025-09-12 05:53:06',NULL,'jonathan.wang@magicjack.com'),(20270,'jonathan.wang@magicjack.com','Bin','Li','bin.li@magicjack.com','active','2025-08-26 09:11:06','2025-09-12 05:53:06',NULL,'jonathan.wang@magicjack.com'),(20272,'jonathan.wang@magicjack.com','Chris','Baumgartner','chris.baumgartner@magicjack.com','active','2025-08-26 09:11:06','2025-09-12 05:53:06',NULL,'jonathan.wang@magicjack.com'),(20274,'sghosh@corp.untd.com','Rajashekhar','Chirunancha','craja@corp.untd.com','active','2025-08-26 09:11:06','2025-09-12 05:53:06',NULL,'sghosh@corp.untd.com'),(20276,'jmangapa@corp.untd.com','Mounica','Reddy','rmounica@corp.untd.com','active','2025-08-26 09:11:06','2025-09-12 05:53:06',NULL,'jmangapa@corp.untd.com'),(20278,'gsapan@corp.untd.com','Siva','Tammina','tsiva@corp.untd.com','active','2025-08-26 09:11:06','2025-09-12 05:53:06',NULL,'gsapan@corp.untd.com'),(20280,'narendra@corp.untd.com','Mohan Chand','Tipirneni','tmohan@corp.untd.com','active','2025-08-26 09:11:06','2025-09-12 05:53:06',NULL,'narendra@corp.untd.com'),(20282,'aveluppillai@brileyfin.com','Danilo','Cruz','danilo.cruz@ymaxcorp.com','active','2025-08-26 09:11:06','2025-09-12 05:53:06',NULL,'aveluppillai@brileyfin.com'),(20284,'kmedi@corp.untd.com','Akhila','Pathuri','akhila@corp.untd.com','active','2025-08-26 09:11:06','2025-09-12 05:53:06',NULL,'kmedi@corp.untd.com'),(20286,'gsapan@corp.untd.com','Jaya Sree','Katukuri','jayak@corp.untd.com','active','2025-08-26 09:11:06','2025-09-12 05:53:06',NULL,'gsapan@corp.untd.com'),(20288,'kudaya@corp.untd.com','Venkat','Kotari','kvtejesh@corp.untd.com','active','2025-08-26 09:11:06','2025-09-12 05:53:06',NULL,'kudaya@corp.untd.com'),(20290,'jmangapa@corp.untd.com','Yeshwanth','Buruju','yburuju@corp.untd.com','active','2025-08-26 09:11:06','2025-09-12 05:53:06',NULL,'jmangapa@corp.untd.com'),(20292,'rpraveen@corp.untd.com','Satya Rajashekar','Yasarapu','ysatya@corp.untd.com','active','2025-08-26 09:11:06','2025-09-12 05:53:06',NULL,'rpraveen@corp.untd.com'),(20294,'danilo.cruz@ymaxcorp.com','Edward','Graybeal','edward.graybeal@magicjack.com','active','2025-08-26 09:11:06','2025-09-12 05:53:06',NULL,'danilo.cruz@ymaxcorp.com'),(20296,'jmangapa@corp.untd.com','Veera Venkata Sai','Tirumalasetty','tgowtham@corp.untd.com','active','2025-08-26 09:11:06','2025-09-12 05:53:06',NULL,'jmangapa@corp.untd.com'),(20298,'spotham@corp.untd.com','Sravya','Challa','csravya@corp.untd.com','active','2025-08-26 09:11:06','2025-09-12 05:53:06',NULL,'spotham@corp.untd.com'),(20300,'mthiyaga@corp.untd.com','Sai Sireesha','Gembali','gssireesha@corp.untd.com','active','2025-08-26 09:11:06','2025-09-12 05:53:06',NULL,'mthiyaga@corp.untd.com'),(20302,'spotham@corp.untd.com','Akhil','Shivarla','sakhil@corp.untd.com','active','2025-08-26 09:11:06','2025-09-12 05:53:06',NULL,'spotham@corp.untd.com'),(20304,'kudaya@corp.untd.com','Vijaykumar','Surjan','svijaykumar@corp.untd.com','active','2025-08-26 09:11:06','2025-09-12 05:53:06',NULL,'kudaya@corp.untd.com'),(20306,'kmedi@corp.untd.com','Raghu Ram','Kollati','kraghu@corp.untd.com','active','2025-08-26 09:11:06','2025-09-12 05:53:06',NULL,'kmedi@corp.untd.com'),(20308,'kmedi@corp.untd.com','Govardhan','Mudimadugula','mgovardhan@corp.untd.com','active','2025-08-26 09:11:06','2025-09-12 05:53:06',NULL,'kmedi@corp.untd.com'),(20310,'ratnakar@corp.untd.com','Naga Venkata','M','maditya@corp.untd.com','active','2025-08-26 09:11:06','2025-09-12 05:53:06',NULL,'ratnakar@corp.untd.com'),(20312,'kanil@corp.untd.com','Sandeep','Dorishetti','dsandeep@corp.untd.com','active','2025-08-26 09:11:06','2025-09-12 05:53:06',NULL,'kanil@corp.untd.com'),(20314,'gsapan@corp.untd.com','Ashfauq','Shaik','ashfauqs@corp.untd.com','active','2025-08-26 09:11:06','2025-09-12 05:53:06',NULL,'gsapan@corp.untd.com'),(20316,'kraghu@corp.untd.com','Vasanth Kumar','V','vasanthv@corp.untd.com','active','2025-08-26 09:11:06','2025-09-12 05:53:06',NULL,'kraghu@corp.untd.com'),(20318,'steve.sabados@magicjack.com','Thomas','Humphrey','thumphrey@credomobile.com','active','2025-08-26 09:11:06','2025-09-12 05:53:06',NULL,'steve.sabados@magicjack.com'),(20320,'dsercu@corp.untd.com','Lonnie','Schwindt','lschwindt@credomobile.com','active','2025-08-26 09:11:06','2025-09-12 05:53:06',NULL,'dsercu@corp.untd.com'),(20322,'nsivan@corp.untd.com','Saidurga','Gagguri','gsaidurga@corp.untd.com','active','2025-08-26 09:11:06','2025-09-12 05:53:07',NULL,'nsivan@corp.untd.com'),(20324,'sghosh@corp.untd.com','Madhuri','Khandyana','mkhandyana@corp.untd.com','active','2025-08-26 09:11:06','2025-09-12 05:53:07',NULL,'sghosh@corp.untd.com'),(20326,'jnirmal@corp.untd.com','Varshitha','Manugu','mvarshitha@corp.untd.com','active','2025-08-26 09:11:06','2025-09-12 05:53:07',NULL,'jnirmal@corp.untd.com'),(20328,'sghosh@corp.untd.com','Haashim','Muhammad','mhaashim@corp.untd.com','active','2025-08-26 09:11:06','2025-09-12 05:53:07',NULL,'sghosh@corp.untd.com'),(20330,'rkapart@corp.untd.com','Jayasri','Nutakki','njayasri@corp.untd.com','active','2025-08-26 09:11:06','2025-09-12 05:53:07',NULL,'rkapart@corp.untd.com'),(20332,'kimmanen@corp.untd.com','Savitri','Samayamantula','ssavitri@corp.untd.com','active','2025-08-26 09:11:06','2025-09-12 05:53:07',NULL,'kimmanen@corp.untd.com'),(20334,'mthiyaga@corp.untd.com','Nikhila','Surabhi','snikhila@corp.untd.com','active','2025-08-26 09:11:06','2025-09-12 05:53:07',NULL,'mthiyaga@corp.untd.com'),(20336,'spotham@corp.untd.com','Manoj','Yanamala','ymanoj@corp.untd.com','active','2025-08-26 09:11:06','2025-09-12 05:53:07',NULL,'spotham@corp.untd.com'),(20338,'vsai@corp.untd.com','Ananya','Pancholi','pananya@corp.untd.com','active','2025-08-26 09:11:06','2025-09-12 05:53:07',NULL,'vsai@corp.untd.com'),(20340,'laurie.frank@magicjack.com','Michelle','Coffey','mcoffey@credomobile.com','active','2025-08-26 09:11:06','2025-09-12 05:53:07',NULL,'laurie.frank@magicjack.com'),(20342,'kudaya@corp.untd.com','Sreeharsh','Pallela','psreeharsh@corp.untd.com','active','2025-08-26 09:11:06','2025-09-12 05:53:07',NULL,'kudaya@corp.untd.com'),(20344,'lsheguri@corp.untd.com','Swathi','Dhulipalla','dswathi@corp.untd.com','active','2025-08-26 09:11:06','2025-09-12 05:53:07',NULL,'lsheguri@corp.untd.com'),(20346,'wbowen@corp.untd.com','Alan','Finney','afinney@credomobile.com','active','2025-08-26 09:11:06','2025-09-12 05:53:07',NULL,'wbowen@corp.untd.com'),(20348,'kimmanen@corp.untd.com','Deepak Kumar','Maheshwari','gdeepak@corp.untd.com','active','2025-08-26 09:11:06','2025-09-12 05:53:07',NULL,'kimmanen@corp.untd.com'),(20350,'laurie.frank@magicjack.com','Robert','Mascola','rmascola@credomobile.com','active','2025-08-26 09:11:06','2025-09-12 05:53:07',NULL,'laurie.frank@magicjack.com'),(20352,'nbezborodova@corp.untd.com','Lila','Kingsley','lkingsley@credomobile.com','active','2025-08-26 09:11:06','2025-09-12 05:53:07',NULL,'nbezborodova@corp.untd.com'),(20354,'lsheguri@corp.untd.com','Mythri','Sudala','smythri@corp.untd.com','active','2025-08-26 09:11:06','2025-09-12 05:53:07',NULL,'lsheguri@corp.untd.com'),(20356,'srinig@corp.untd.com','Koteswararao','Konide','kkoteswar@corp.untd.com','active','2025-08-26 09:11:06','2025-09-12 05:53:07',NULL,'srinig@corp.untd.com'),(20358,'sabhishek@corp.untd.com','Saraswathi','Pooja','psaraswathi@corp.untd.com','active','2025-08-26 09:11:06','2025-09-12 05:53:07',NULL,'sabhishek@corp.untd.com'),(20360,'vsai@corp.untd.com','Shiva Sai','Pulimamidi','pshiva@corp.untd.com','active','2025-08-26 09:11:06','2025-09-12 05:53:07',NULL,'vsai@corp.untd.com'),(20362,'lsheguri@corp.untd.com','Abhishek','Sharma','sabhishek@corp.untd.com','active','2025-08-26 09:11:06','2025-09-12 05:53:07',NULL,'lsheguri@corp.untd.com'),(20364,'mcoffey@credomobile.com','#NAME?','Salvo','bob.salvo@ymaxcorp.com','active','2025-08-26 09:11:06','2025-09-12 05:53:07',NULL,'mcoffey@credomobile.com'),(20366,'mcoffey@credomobile.com','#NAME?','Tecce','tina.tecce@ymaxcorp.com','active','2025-08-26 09:11:06','2025-09-12 05:53:07',NULL,'mcoffey@credomobile.com'),(20368,'mcoffey@credomobile.com','#NAME?','O\'Rourke','steve.orourke@ymaxcorp.com','active','2025-08-26 09:11:06','2025-09-12 05:53:07',NULL,'mcoffey@credomobile.com'),(20370,'kimmanen@corp.untd.com','Mallikharjuna','Gummadidala','gmallikharjun@corp.untd.com','active','2025-08-26 09:11:06','2025-09-12 05:53:07',NULL,'kimmanen@corp.untd.com'),(20372,'jnirmal@corp.untd.com','Thanuja','Pedapudi','thanujap@corp.untd.com','active','2025-08-26 09:11:06','2025-09-12 05:53:07',NULL,'jnirmal@corp.untd.com'),(20374,'rmascola@credomobile.com','Matthew','Crump','mcrump@credomobile.com','active','2025-08-26 09:11:06','2025-09-12 05:53:07',NULL,'rmascola@credomobile.com'),(20376,'tina.tecce@ymaxcorp.com','Zandra','Curry','zandra.curry@magicjack.com','active','2025-08-26 09:11:06','2025-09-12 05:53:07',NULL,'tina.tecce@ymaxcorp.com'),(20378,'agabrielyan@corp.untd.com','Steven','Licari','steven.licari@magicjack.com','active','2025-08-26 09:11:06','2025-09-12 05:53:07',NULL,'agabrielyan@corp.untd.com'),(20380,'mcoffey@credomobile.com','Kathleen','McMullen','kmcmullen@credomobile.com','active','2025-08-26 09:11:06','2025-09-12 05:53:07',NULL,'mcoffey@credomobile.com'),(20382,'tina.tecce@ymaxcorp.com','Sebastian','Mosquera','sebastian.mosquera@magicjack.com','active','2025-08-26 09:11:06','2025-09-12 05:53:07',NULL,'tina.tecce@ymaxcorp.com'),(20384,'karambulo@corp.untd.com','#NAME?','Murray','marcia.murray@magicjack.com','active','2025-08-26 09:11:06','2025-09-12 05:53:07',NULL,'karambulo@corp.untd.com'),(20386,'edward.graybeal@magicjack.com','Melodie','Nathan','melodie.nathan@magicjack.com','active','2025-08-26 09:11:06','2025-09-12 05:53:07',NULL,'edward.graybeal@magicjack.com'),(20388,'mcoffey@credomobile.com','#NAME?','Semyonov','rsemyonov@credomobile.com','active','2025-08-26 09:11:06','2025-09-12 05:53:07',NULL,'mcoffey@credomobile.com'),(20390,'bob.salvo@ymaxcorp.com','Jenifer','Sims','jenifer.sims@magicjack.com','active','2025-08-26 09:11:06','2025-09-12 05:53:07',NULL,'bob.salvo@ymaxcorp.com'),(20392,'agabrielyan@corp.untd.com','James','Slater','james.slater@magicjack.com','active','2025-08-26 09:11:06','2025-09-12 05:53:07',NULL,'agabrielyan@corp.untd.com'),(20394,'danilo.cruz@ymaxcorp.com','Jasmin','Sun','jsun@lingo.com','active','2025-08-26 09:11:06','2025-09-12 05:53:07',NULL,'danilo.cruz@ymaxcorp.com'),(20396,'rmascola@credomobile.com','Priya','Thridandam','pthridandam@credomobile.com','active','2025-08-26 09:11:06','2025-09-12 05:53:07',NULL,'rmascola@credomobile.com'),(20398,'rmascola@credomobile.com','Karina','Woo','kwoo@credomobile.com','active','2025-08-26 09:11:06','2025-09-12 05:53:07',NULL,'rmascola@credomobile.com'),(20400,'rmascola@credomobile.com','Susan','McCarthy','smccarthy@credomobile.com','active','2025-08-26 09:11:06','2025-09-12 05:53:07',NULL,'rmascola@credomobile.com'),(20402,'','#NAME?','Caplan','stacey.caplan@magicjack.com','active','2025-08-26 09:11:06','2025-09-12 05:53:07',NULL,''),(20404,'mbaba@corp.untd.com','Krishna Babu','Murala','krishnamurala@corp.untd.com','active','2025-08-26 09:11:06','2025-09-12 05:34:11',NULL,'mbaba@corp.untd.com'),(20406,'kmedi@corp.untd.com','Sai Sree Ram','Kotamraju','skotamraju@corp.untd.com','active','2025-08-26 09:11:06','2025-09-12 05:53:07',NULL,'kmedi@corp.untd.com'),(20408,'rpraveen@corp.untd.com','Siri','Pasupula','spasupula@corp.untd.com','active','2025-08-26 09:11:06','2025-09-12 05:53:07',NULL,'rpraveen@corp.untd.com'),(20410,'dagarwal@corp.untd.com','Mohan','Ravulapalli','mravulapalli@corp.untd.com','active','2025-08-26 09:11:06','2025-09-12 05:53:07',NULL,'dagarwal@corp.untd.com'),(20412,'gsapan@corp.untd.com','Uma','Thorati','uthorati@corp.untd.com','active','2025-08-26 09:11:06','2025-09-12 05:53:07',NULL,'gsapan@corp.untd.com'),(20414,'gbasappa@corp.untd.com','Deepak','Agarwal','dagarwal@corp.untd.com','active','2025-08-26 09:11:06','2025-09-12 05:53:07',NULL,'gbasappa@corp.untd.com'),(20416,'sghosh@corp.untd.com','Pramod','Arikatla','apramod@corp.untd.com','active','2025-08-26 09:11:06','2025-09-12 05:53:07',NULL,'sghosh@corp.untd.com'),(20418,'pnangun@corp.untd.com','Prasanth','Chamallamudi','cprasanth@corp.untd.com','active','2025-08-26 09:11:06','2025-09-12 05:53:07',NULL,'pnangun@corp.untd.com'),(20420,'mahender@corp.untd.com','Divya','Devarapalli','ddivya@corp.untd.com','active','2025-08-26 09:11:06','2025-09-12 05:53:07',NULL,'mahender@corp.untd.com'),(20422,'nsivan@corp.untd.com','Hema','Juturu','jhema@corp.untd.com','active','2025-08-26 09:11:06','2025-09-12 05:53:07',NULL,'nsivan@corp.untd.com'),(20424,'amadduri@corp.untd.com','Pavan Kumar','Kunduru','kpavan@corp.untd.com','active','2025-08-26 09:11:06','2025-09-12 05:53:07',NULL,'amadduri@corp.untd.com'),(20426,'kimmanen@corp.untd.com','Sushma','Lakkimsetti','lsushma@corp.untd.com','active','2025-08-26 09:11:06','2025-09-12 05:53:07',NULL,'kimmanen@corp.untd.com'),(20428,'dagarwal@corp.untd.com','Venkata Naga Yamini','Majeti','mvyamini@corp.untd.com','active','2025-08-26 09:11:06','2025-09-12 05:53:07',NULL,'dagarwal@corp.untd.com'),(20430,'dagarwal@corp.untd.com','Sreevani Sagari','Nallamsetti','nsreevani@corp.untd.com','active','2025-08-26 09:11:06','2025-09-12 05:53:07',NULL,'dagarwal@corp.untd.com'),(20432,'sghosh@corp.untd.com','Sriman','Nerella','nsriman@corp.untd.com','active','2025-08-26 09:11:06','2025-09-12 05:53:07',NULL,'sghosh@corp.untd.com'),(20434,'mgontala@corp.untd.com','Mahesh','Sambaram','smahesh@corp.untd.com','active','2025-08-26 09:11:06','2025-09-12 05:53:07',NULL,'mgontala@corp.untd.com'),(20436,'kpittala@corp.untd.com','Sarath Kumar','Somu','ssarath@corp.untd.com','active','2025-08-26 09:11:06','2025-09-12 05:53:07',NULL,'kpittala@corp.untd.com'),(20438,'sghosh@corp.untd.com','Abhi','Vadlamuri','avadlamuri@corp.untd.com','active','2025-08-26 09:11:06','2025-09-12 05:53:07',NULL,'sghosh@corp.untd.com'),(20440,'mcoffey@credomobile.com','Jennifer','Obenland','jobenland@credomobile.com','active','2025-08-26 09:11:06','2025-09-12 05:53:07',NULL,'mcoffey@credomobile.com'),(20442,'kudaya@corp.untd.com','Ravi','Singh','rpsingh@corp.untd.com','active','2025-08-26 09:11:06','2025-09-12 05:53:07',NULL,'kudaya@corp.untd.com'),(20444,'kudaya@corp.untd.com','Tulip','Chauhan','ctulip@corp.untd.com','active','2025-08-26 09:11:06','2025-09-12 05:53:07',NULL,'kudaya@corp.untd.com'),(20446,'jfreed@lingo.com','Carrie','Abdelnour','cabdelnour@lingo.com','active','2025-08-26 09:11:06','2025-09-12 05:53:07',NULL,'jfreed@lingo.com'),(20448,'ddziljaj@lingo.com','Matt','Ahmann','mahmann@lingo.com','active','2025-08-26 09:11:06','2025-09-12 05:53:07',NULL,'ddziljaj@lingo.com'),(20450,'eparks@lingo.com','Marilyn','Albers','malbers@lingo.com','active','2025-08-26 09:11:06','2025-09-12 05:53:07',NULL,'eparks@lingo.com'),(20452,'steve.reynolds@lingo.com','Peridice','Andrade','peridice.andrade@lingo.com','active','2025-08-26 09:11:06','2025-09-12 05:53:07',NULL,'steve.reynolds@lingo.com'),(20454,'vuchil@lingo.com','Clayton','Banka','cbanka@lingo.com','active','2025-08-26 09:11:06','2025-09-12 05:53:07',NULL,'vuchil@lingo.com'),(20456,'steve.reynolds@lingo.com','Megan','Barazsu','mcooley@lingo.com','active','2025-08-26 09:11:06','2025-09-12 05:53:07',NULL,'steve.reynolds@lingo.com'),(20458,'dossa@lingo.com','Carolina','Barroso','cbarroso@lingo.com','active','2025-08-26 09:11:06','2025-09-12 05:53:07',NULL,'dossa@lingo.com'),(20460,'cbarroso@lingo.com','Anthony','Batitto','abatitto@lingo.com','active','2025-08-26 09:11:06','2025-09-12 05:53:07',NULL,'cbarroso@lingo.com'),(20462,'pbockstanz@lingo.com','Betty','Bennett','bbennett@lingo.com','active','2025-08-26 09:11:06','2025-09-12 05:53:07',NULL,'pbockstanz@lingo.com'),(20464,'karen.brisby@lingo.com','Rebecca','Bienko (Hancock)','rbienko@lingo.com','active','2025-08-26 09:11:06','2025-09-12 05:53:07',NULL,'karen.brisby@lingo.com'),(20466,'cbarroso@lingo.com','Lisa','Billirakis','lbillirakis@lingo.com','active','2025-08-26 09:11:06','2025-09-12 05:53:07',NULL,'cbarroso@lingo.com'),(20468,'jjohnson@lingo.com','Therese','Blackaby','tblackaby@lingo.com','active','2025-08-26 09:11:06','2025-09-12 05:53:07',NULL,'jjohnson@lingo.com'),(20470,'laurie.frank@magicjack.com','Paul','Bockstanz','pbockstanz@lingo.com','active','2025-08-26 09:11:06','2025-09-12 05:53:07',NULL,'laurie.frank@magicjack.com'),(20472,'danilo.cruz@ymaxcorp.com','Tom','Bowers','tom.bowers@lingo.com','active','2025-08-26 09:11:06','2025-09-12 05:53:07',NULL,'danilo.cruz@ymaxcorp.com'),(20474,'wbowen@corp.untd.com','Shewonnah','Bradley','shewonnah.bradley@lingo.com','active','2025-08-26 09:11:06','2025-09-12 05:53:07',NULL,'wbowen@corp.untd.com'),(20476,'danilo.cruz@ymaxcorp.com','Diana','Bratu','dbratu@lingo.com','active','2025-08-26 09:11:06','2025-09-12 05:53:07',NULL,'danilo.cruz@ymaxcorp.com'),(20478,'andrea.lang@lingo.com','Kevin','Brennan','kbrennan@lingo.com','active','2025-08-26 09:11:06','2025-09-12 05:53:07',NULL,'andrea.lang@lingo.com'),(20480,'brian.whitford@lingo.com','Karen','Brisby','karen.brisby@lingo.com','active','2025-08-26 09:11:06','2025-09-12 05:53:07',NULL,'brian.whitford@lingo.com'),(20482,'karen.brisby@lingo.com','Gwen','Cecil','gwen.cecil@lingo.com','active','2025-08-26 09:11:06','2025-09-12 05:53:07',NULL,'karen.brisby@lingo.com'),(20484,'pbockstanz@lingo.com','Jasmine','Chandler','jchandler@lingo.com','active','2025-08-26 09:11:06','2025-09-12 05:53:07',NULL,'pbockstanz@lingo.com'),(20486,'steve.reynolds@lingo.com','Tyrha','Cheatem','tcheatem@lingo.com','active','2025-08-26 09:11:06','2025-09-12 05:53:07',NULL,'steve.reynolds@lingo.com'),(20488,'eparks@lingo.com','David','Chilcutt','achilcutt@lingo.com','active','2025-08-26 09:11:06','2025-09-12 05:53:07',NULL,'eparks@lingo.com'),(20490,'grant.williams@lingo.com','Michelle','Childress','michelle.childress@lingo.com','active','2025-08-26 09:11:06','2025-09-12 05:53:07',NULL,'grant.williams@lingo.com'),(20492,'jjohnson@lingo.com','Tameka','Cobb','tcobb@lingo.com','active','2025-08-26 09:11:06','2025-09-12 05:53:07',NULL,'jjohnson@lingo.com'),(20494,'bill.pilcher@lingo.com','Sheryl','Collins','sheryl.collins@lingo.com','active','2025-08-26 09:11:06','2025-09-12 05:53:07',NULL,'bill.pilcher@lingo.com'),(20496,'andrea.lang@lingo.com','Stephen','Contadeluci','scontadeluci@lingo.com','active','2025-08-26 09:11:06','2025-09-12 05:53:07',NULL,'andrea.lang@lingo.com'),(20498,'cbarroso@lingo.com','Thomas','Cordova','thomas.cordova@lingo.com','active','2025-08-26 09:11:06','2025-09-12 05:53:07',NULL,'cbarroso@lingo.com'),(20500,'chris.ramsey@lingo.com','Greg','Corwin','greg.corwin@lingo.com','active','2025-08-26 09:11:06','2025-09-12 05:53:07',NULL,'chris.ramsey@lingo.com'),(20502,'andrea.lang@lingo.com','John','Creel','charlie.creel@lingo.com','active','2025-08-26 09:11:06','2025-09-12 05:53:07',NULL,'andrea.lang@lingo.com'),(20504,'cbarroso@lingo.com','Matthew','Crowe','mcrowe@lingo.com','active','2025-08-26 09:11:06','2025-09-12 05:53:07',NULL,'cbarroso@lingo.com'),(20506,'grant.williams@lingo.com','Patrice','Delgado-Wolfe','pwolfe@lingo.com','active','2025-08-26 09:11:06','2025-09-12 05:53:07',NULL,'grant.williams@lingo.com'),(20508,'pbockstanz@lingo.com','Diana','Dial','ddial@lingo.com','active','2025-08-26 09:11:06','2025-09-12 05:53:07',NULL,'pbockstanz@lingo.com'),(20510,'aveluppillai@brileyfin.com','Matthew','Downey','mdowney@lingo.com','active','2025-08-26 09:11:06','2025-09-12 05:53:07',NULL,'aveluppillai@brileyfin.com'),(20512,'alex.valencia@lingo.com','Heather','Downs','hdowns@lingo.com','active','2025-08-26 09:11:06','2025-09-12 05:53:07',NULL,'alex.valencia@lingo.com'),(20514,'lisa.stacey@lingo.com','Joy','Driscoll','joy.driscoll@lingo.com','active','2025-08-26 09:11:06','2025-09-12 05:53:07',NULL,'lisa.stacey@lingo.com'),(20516,'dbratu@lingo.com','Jennifer','Droz','jdroz@lingo.com','active','2025-08-26 09:11:06','2025-09-12 05:53:07',NULL,'dbratu@lingo.com'),(20518,'laurie.frank@magicjack.com','Dino','Dziljaj','ddziljaj@lingo.com','active','2025-08-26 09:11:06','2025-09-12 05:53:07',NULL,'laurie.frank@magicjack.com'),(20520,'ddziljaj@lingo.com','Seth','Evans','sevans@lingo.com','active','2025-08-26 09:11:06','2025-09-12 05:53:07',NULL,'ddziljaj@lingo.com'),(20522,'jjohnson@lingo.com','Michael','Fitzgerald','mfitzgerald@lingo.com','active','2025-08-26 09:11:06','2025-09-12 05:53:07',NULL,'jjohnson@lingo.com'),(20524,'cbarroso@lingo.com','Matthew','Fox','mfox@lingo.com','active','2025-08-26 09:11:06','2025-09-12 05:53:07',NULL,'cbarroso@lingo.com'),(20526,'dbratu@lingo.com','Debra','Frank','dfrank@lingo.com','active','2025-08-26 09:11:06','2025-09-12 05:53:07',NULL,'dbratu@lingo.com'),(20528,'eparks@lingo.com','Theodore','Frederick','tfrederick@lingo.com','active','2025-08-26 09:11:06','2025-09-12 05:53:07',NULL,'eparks@lingo.com'),(20530,'SBala@corp.untd.com','Jeanne','Freed','jfreed@lingo.com','active','2025-08-26 09:11:06','2025-09-12 05:53:07',NULL,'SBala@corp.untd.com'),(20532,'andrea.lang@lingo.com','Christopher','Frost','chris.frost@lingo.com','active','2025-08-26 09:11:06','2025-09-12 05:53:07',NULL,'andrea.lang@lingo.com'),(20534,'jjohnson@lingo.com','Martha','Fruehwald','mfruehwald@lingo.com','active','2025-08-26 09:11:06','2025-09-12 05:53:07',NULL,'jjohnson@lingo.com'),(20536,'eparks@lingo.com','Brian','Fuller','bfuller@lingo.com','active','2025-08-26 09:11:06','2025-09-12 05:53:07',NULL,'eparks@lingo.com'),(20538,'dbratu@lingo.com','Nagwa','Gabra','nagwa.gabra@lingo.com','active','2025-08-26 09:11:06','2025-09-12 05:53:07',NULL,'dbratu@lingo.com'),(20540,'pbockstanz@lingo.com','Deborah','Galbraith','dgalbraith@lingo.com','active','2025-08-26 09:11:06','2025-09-12 05:53:07',NULL,'pbockstanz@lingo.com'),(20542,'eparks@lingo.com','Mark','Galfano','mgalfano@lingo.com','active','2025-08-26 09:11:06','2025-09-12 05:53:07',NULL,'eparks@lingo.com'),(20544,'cbarroso@lingo.com','Joseph','Galli','rgalli@lingo.com','active','2025-08-26 09:11:06','2025-09-12 05:53:07',NULL,'cbarroso@lingo.com'),(20546,'andrea.lang@lingo.com','Mark','Gritton','mark.gritton@lingo.com','active','2025-08-26 09:11:06','2025-09-12 05:53:07',NULL,'andrea.lang@lingo.com'),(20548,'pszpakowski@lingo.com','Colin','Hanss','chanss@lingo.com','active','2025-08-26 09:11:06','2025-09-12 05:53:07',NULL,'pszpakowski@lingo.com'),(20550,'jjohnson@lingo.com','Kristen','Harkonen','kharkonen@lingo.com','active','2025-08-26 09:11:06','2025-09-12 05:53:07',NULL,'jjohnson@lingo.com'),(20552,'jmchale@lingo.com','Samuel','Harman','sharman@lingo.com','active','2025-08-26 09:11:06','2025-09-12 05:53:07',NULL,'jmchale@lingo.com'),(20554,'cbarroso@lingo.com','Jovi','Harper','jovi.cordova@lingo.com','active','2025-08-26 09:11:06','2025-09-12 05:53:07',NULL,'cbarroso@lingo.com'),(20556,'steve.reynolds@lingo.com','Aleka','Harris-Thomas','aleka.harris@lingo.com','active','2025-08-26 09:11:06','2025-09-12 05:53:07',NULL,'steve.reynolds@lingo.com'),(20558,'bill.pilcher@lingo.com','Morgan','Hawkins','morgan.aday@lingo.com','active','2025-08-26 09:11:06','2025-09-12 05:53:07',NULL,'bill.pilcher@lingo.com'),(20560,'cbarroso@lingo.com','John','Hayduk','jhayduk@lingo.com','active','2025-08-26 09:11:06','2025-09-12 05:53:07',NULL,'cbarroso@lingo.com'),(20562,'kmorrow@lingo.com','Charles','Heider','cheider@lingo.com','active','2025-08-26 09:11:06','2025-09-12 05:53:07',NULL,'kmorrow@lingo.com'),(20564,'andrea.lang@lingo.com','Jeff','Heyd','jeff.heyd@lingo.com','active','2025-08-26 09:11:06','2025-09-12 05:53:07',NULL,'andrea.lang@lingo.com'),(20566,'alex.valencia@lingo.com','Mary','Hope','mary.hope@lingo.com','active','2025-08-26 09:11:06','2025-09-12 05:53:07',NULL,'alex.valencia@lingo.com'),(20568,'alex.valencia@lingo.com','Angela','Howard','angela.howard@lingo.com','active','2025-08-26 09:11:06','2025-09-12 05:53:07',NULL,'alex.valencia@lingo.com'),(20570,'jamie.sark@lingo.com','Cynthia','Howell','cynthia.howell@lingo.com','active','2025-08-26 09:11:06','2025-09-12 05:53:07',NULL,'jamie.sark@lingo.com'),(20572,'karen.brisby@lingo.com','Sonya','Hunt-Echols','shunt@lingo.com','active','2025-08-26 09:11:06','2025-09-12 05:53:07',NULL,'karen.brisby@lingo.com'),(20574,'lisa.stacey@lingo.com','Gary','Ianitelli','gianitelli@lingo.com','active','2025-08-26 09:11:06','2025-09-12 05:53:07',NULL,'lisa.stacey@lingo.com'),(20576,'dbratu@lingo.com','Ana','Ibarra','ana.ibarra@lingo.com','active','2025-08-26 09:11:06','2025-09-12 05:53:07',NULL,'dbratu@lingo.com'),(20578,'ddziljaj@lingo.com','Ryan','James','rjames@lingo.com','active','2025-08-26 09:11:06','2025-09-12 05:53:07',NULL,'ddziljaj@lingo.com'),(20580,'lisa.stacey@lingo.com','Samantha','Jimenez','samantha.jimenez@lingo.com','active','2025-08-26 09:11:06','2025-09-12 05:53:07',NULL,'lisa.stacey@lingo.com'),(20582,'laurie.frank@magicjack.com','Justin','Johnson','jjohnson@lingo.com','active','2025-08-26 09:11:06','2025-09-12 05:53:07',NULL,'laurie.frank@magicjack.com'),(20584,'ddziljaj@lingo.com','Keith','Jones','kjones@lingo.com','active','2025-08-26 09:11:06','2025-09-12 05:53:07',NULL,'ddziljaj@lingo.com'),(20586,'alex.valencia@lingo.com','Amanda','Jones','amanda.jones@lingo.com','active','2025-08-26 09:11:06','2025-09-12 05:53:07',NULL,'alex.valencia@lingo.com'),(20588,'jmchale@lingo.com','Joseph','Jurkash','jjurkash@lingo.com','active','2025-08-26 09:11:06','2025-09-12 05:53:07',NULL,'jmchale@lingo.com'),(20590,'kmorrow@lingo.com','Colleen','Kaseta','ckaseta@lingo.com','active','2025-08-26 09:11:06','2025-09-12 05:53:07',NULL,'kmorrow@lingo.com'),(20592,'vuchil@lingo.com','Danielle','Kawa','dkawa@lingo.com','active','2025-08-26 09:11:06','2025-09-12 05:53:07',NULL,'vuchil@lingo.com'),(20594,'jjohnson@lingo.com','Nancy','Klimko','nklimko@lingo.com','active','2025-08-26 09:11:06','2025-09-12 05:53:07',NULL,'jjohnson@lingo.com'),(20596,'lisa.stacey@lingo.com','Necole','Knight','nknight@bullseyetelecom.com','active','2025-08-26 09:11:06','2025-09-12 05:53:07',NULL,'lisa.stacey@lingo.com'),(20598,'pszpakowski@lingo.com','Shelley','Koerber','skoerber@lingo.com','active','2025-08-26 09:11:06','2025-09-12 05:53:07',NULL,'pszpakowski@lingo.com'),(20600,'jmchale@lingo.com','John','Lachance','john.lachance@lingo.com','active','2025-08-26 09:11:06','2025-09-12 05:53:07',NULL,'jmchale@lingo.com'),(20602,'steve.reynolds@lingo.com','Carol','Lance','clance@lingo.com','active','2025-08-26 09:11:06','2025-09-12 05:53:07',NULL,'steve.reynolds@lingo.com'),(20604,'chris.ramsey@lingo.com','Andrea','Lang','andrea.lang@lingo.com','active','2025-08-26 09:11:06','2025-09-12 05:53:07',NULL,'chris.ramsey@lingo.com'),(20606,'kimberly.rodriguez@lingo.com','William','Leverich','bleverich@lingo.com','active','2025-08-26 09:11:06','2025-09-12 05:53:07',NULL,'kimberly.rodriguez@lingo.com'),(20608,'cbarroso@lingo.com','Kimberly','Lewis','klewis@lingo.com','active','2025-08-26 09:11:06','2025-09-12 05:53:07',NULL,'cbarroso@lingo.com'),(20610,'ddziljaj@lingo.com','Alesha','Loche','aloche@lingo.com','active','2025-08-26 09:11:06','2025-09-12 05:53:07',NULL,'ddziljaj@lingo.com'),(20612,'bill.pilcher@lingo.com','David','Lowery','david.lowery@lingo.com','active','2025-08-26 09:11:06','2025-09-12 05:53:07',NULL,'bill.pilcher@lingo.com'),(20614,'karen.brisby@lingo.com','Meko','Lowery','meko.lowery@lingo.com','active','2025-08-26 09:11:06','2025-09-12 05:53:07',NULL,'karen.brisby@lingo.com'),(20616,'shewonnah.bradley@lingo.com','Yvette','Loyd','yvette.loyd@lingo.com','active','2025-08-26 09:11:06','2025-09-12 05:53:07',NULL,'shewonnah.bradley@lingo.com'),(20618,'cbarroso@lingo.com','Kenneth','Luna','kluna@lingo.com','active','2025-08-26 09:11:06','2025-09-12 05:53:07',NULL,'cbarroso@lingo.com'),(20620,'steve.sabados@magicjack.com','Gabriel','Manigat Jr','gmanigat@lingo.com','active','2025-08-26 09:11:06','2025-09-12 05:53:07',NULL,'steve.sabados@magicjack.com'),(20622,'ddziljaj@lingo.com','Lauren','Matthews','lmatthews@lingo.com','active','2025-08-26 09:11:06','2025-09-12 05:53:07',NULL,'ddziljaj@lingo.com'),(20624,'chris.ramsey@lingo.com','James','McHale','jmchale@lingo.com','active','2025-08-26 09:11:06','2025-09-12 05:53:07',NULL,'chris.ramsey@lingo.com'),(20626,'andrea.lang@lingo.com','Ryan','McKenney','rmckenney@lingo.com','active','2025-08-26 09:11:06','2025-09-12 05:53:07',NULL,'andrea.lang@lingo.com'),(20628,'jjohnson@lingo.com','Jacqueline','Medearis','jacqueline.medearis@lingo.com','active','2025-08-26 09:11:06','2025-09-12 05:53:07',NULL,'jjohnson@lingo.com'),(20630,'danilo.cruz@ymaxcorp.com','Sabrina','Miller','smiller@lingo.com','active','2025-08-26 09:11:06','2025-09-12 05:53:07',NULL,'danilo.cruz@ymaxcorp.com'),(20632,'pbockstanz@lingo.com','Linny','Miskew','linda.miskew@lingo.com','active','2025-08-26 09:11:06','2025-09-12 05:53:07',NULL,'pbockstanz@lingo.com'),(20634,'cbarroso@lingo.com','Lynn','Moore','lmoore@lingo.com','active','2025-08-26 09:11:06','2025-09-12 05:53:07',NULL,'cbarroso@lingo.com'),(20636,'ddziljaj@lingo.com','Brian','Moorfoot','bmoorfoot@lingo.com','active','2025-08-26 09:11:06','2025-09-12 05:53:07',NULL,'ddziljaj@lingo.com'),(20638,'aveluppillai@brileyfin.com','Kimberly','Morrow','kmorrow@lingo.com','active','2025-08-26 09:11:06','2025-09-12 05:53:07',NULL,'aveluppillai@brileyfin.com'),(20640,'vuchil@lingo.com','Shahla','Mustafayeva','chakhla.moustafaeva@lingo.com','active','2025-08-26 09:11:06','2025-09-12 05:53:07',NULL,'vuchil@lingo.com'),(20642,'eparks@lingo.com','Deborah','Nachtweih','dnachtweih@lingo.com','active','2025-08-26 09:11:06','2025-09-12 05:53:07',NULL,'eparks@lingo.com'),(20644,'vphimmasone@lingo.com','Nayana Shree','Narayan Reddy','nreddy@lingo.com','active','2025-08-26 09:11:06','2025-09-12 05:53:07',NULL,'vphimmasone@lingo.com'),(20646,'jfreed@lingo.com','Anne','O\'Malley','aomalley@lingo.com','active','2025-08-26 09:11:06','2025-09-12 05:53:07',NULL,'jfreed@lingo.com'),(20648,'grant.williams@lingo.com','Daniel','Ossa','dossa@lingo.com','active','2025-08-26 09:11:06','2025-09-12 05:53:07',NULL,'grant.williams@lingo.com'),(20650,'chris.ramsey@lingo.com','Elizabeth','Parks','eparks@lingo.com','active','2025-08-26 09:11:06','2025-09-12 05:53:07',NULL,'chris.ramsey@lingo.com'),(20652,'ddziljaj@lingo.com','Jason','Peterson','jpeterson@lingo.com','active','2025-08-26 09:11:06','2025-09-12 05:53:07',NULL,'ddziljaj@lingo.com'),(20654,'jonathan.wang@magicjack.com','Vannasouk','Phimmasone','vphimmasone@lingo.com','active','2025-08-26 09:11:06','2025-09-12 05:53:07',NULL,'jonathan.wang@magicjack.com'),(20656,'jjohnson@lingo.com','Kim','Pickens','kpickens@lingo.com','active','2025-08-26 09:11:06','2025-09-12 05:53:07',NULL,'jjohnson@lingo.com'),(20658,'eparks@lingo.com','Beth','Plucinski','bplucinski@lingo.com','active','2025-08-26 09:11:06','2025-09-12 05:53:07',NULL,'eparks@lingo.com'),(20660,'steve.reynolds@lingo.com','Laura','Przybylski','lprzybylski@lingo.com','active','2025-08-26 09:11:06','2025-09-12 05:53:07',NULL,'steve.reynolds@lingo.com'),(20662,'aveluppillai@brileyfin.com','Christopher','Ramsey','chris.ramsey@lingo.com','active','2025-08-26 09:11:06','2025-09-12 05:53:07',NULL,'aveluppillai@brileyfin.com'),(20664,'jamie.sark@lingo.com','Steven','Reynolds Jr','steve.reynolds@lingo.com','active','2025-08-26 09:11:06','2025-09-12 05:53:07',NULL,'jamie.sark@lingo.com'),(20666,'dossa@lingo.com','Luca','Rivas-FaJohn','lfajohn@lingo.com','active','2025-08-26 09:11:06','2025-09-12 05:53:07',NULL,'dossa@lingo.com'),(20668,'steve.sabados@magicjack.com','Kimberly','Rodriguez','kimberly.rodriguez@lingo.com','active','2025-08-26 09:11:06','2025-09-12 05:53:07',NULL,'steve.sabados@magicjack.com'),(20670,'lisa.stacey@lingo.com','Vanessa','Rothchild','vanessa.rothchild@lingo.com','active','2025-08-26 09:11:06','2025-09-12 05:53:07',NULL,'lisa.stacey@lingo.com'),(20672,'jjohnson@lingo.com','Stacey','Rubbo','srubbo@lingo.com','active','2025-08-26 09:11:06','2025-09-12 05:53:07',NULL,'jjohnson@lingo.com'),(20674,'pszpakowski@lingo.com','Allyson','Sadwin','asadwin@lingo.com','active','2025-08-26 09:11:06','2025-09-12 05:53:07',NULL,'pszpakowski@lingo.com'),(20676,'lisa.stacey@lingo.com','Tanya','Sallette','tanya.sallette@lingo.com','active','2025-08-26 09:11:06','2025-09-12 05:53:07',NULL,'lisa.stacey@lingo.com'),(20678,'kimberly.rodriguez@lingo.com','Stenn','Salvesen','stenn.salvesen@lingo.com','active','2025-08-26 09:11:06','2025-09-12 05:53:07',NULL,'kimberly.rodriguez@lingo.com'),(20680,'dmilun@corp.untd.com','Todd','Sanchez','tsanchez@lingo.com','active','2025-08-26 09:11:06','2025-09-12 05:53:07',NULL,'dmilun@corp.untd.com'),(20682,'laurie.frank@magicjack.com','James','Sark','jamie.sark@lingo.com','active','2025-08-26 09:11:06','2025-09-12 05:53:07',NULL,'laurie.frank@magicjack.com'),(20684,'lisa.stacey@lingo.com','Jenna','Scott','jenna.scott@lingo.com','active','2025-08-26 09:11:06','2025-09-12 05:53:07',NULL,'lisa.stacey@lingo.com'),(20686,'bill.pilcher@lingo.com','Kristy','Shoup','kristy.shoup@lingo.com','active','2025-08-26 09:11:06','2025-09-12 05:53:07',NULL,'bill.pilcher@lingo.com'),(20688,'karen.brisby@lingo.com','Shannon','Smith','ssmith@lingo.com','active','2025-08-26 09:11:06','2025-09-12 05:53:07',NULL,'karen.brisby@lingo.com'),(20690,'laurie.frank@magicjack.com','Karen','Splawn','karen.lofland@lingo.com','active','2025-08-26 09:11:06','2025-09-12 05:53:07',NULL,'laurie.frank@magicjack.com'),(20692,'pszpakowski@lingo.com','Joseph','Spoon','jspoon@lingo.com','active','2025-08-26 09:11:06','2025-09-12 05:53:07',NULL,'pszpakowski@lingo.com'),(20694,'grant.williams@lingo.com','Lisa','Stacey','lisa.stacey@lingo.com','active','2025-08-26 09:11:06','2025-09-12 05:53:07',NULL,'grant.williams@lingo.com'),(20696,'steve.reynolds@lingo.com','Kenny','Stancil','kenny.stancil@lingo.com','active','2025-08-26 09:11:06','2025-09-12 05:53:07',NULL,'steve.reynolds@lingo.com'),(20698,'azaidi@lingo.com','Kip','Stilley','kstilley@lingo.com','active','2025-08-26 09:11:06','2025-09-12 05:53:07',NULL,'azaidi@lingo.com'),(20700,'vphimmasone@lingo.com','Dinah','Stoffregen','dinah.stoffregen@lingo.com','active','2025-08-26 09:11:06','2025-09-12 05:53:07',NULL,'vphimmasone@lingo.com'),(20702,'wbowen@corp.untd.com','Patryk','Szpakowski','pszpakowski@lingo.com','active','2025-08-26 09:11:06','2025-09-12 05:53:07',NULL,'wbowen@corp.untd.com'),(20704,'wbowen@corp.untd.com','Shivani','Tayal','stayal@lingo.com','active','2025-08-26 09:11:06','2025-09-12 05:53:07',NULL,'wbowen@corp.untd.com'),(20706,'steve.reynolds@lingo.com','Selden','Tearse','stearse@lingo.com','active','2025-08-26 09:11:06','2025-09-12 05:53:07',NULL,'steve.reynolds@lingo.com'),(20708,'stayal@lingo.com','Shuk-Huei','Tee','stee@lingo.com','active','2025-08-26 09:11:06','2025-09-12 05:53:07',NULL,'stayal@lingo.com'),(20710,'ddziljaj@lingo.com','Brandon','Tilelli','btilelli@lingo.com','active','2025-08-26 09:11:06','2025-09-12 05:53:07',NULL,'ddziljaj@lingo.com'),(20712,'dmilun@corp.untd.com','Mitch','Todd','mitch.todd@lingo.com','active','2025-08-26 09:11:06','2025-09-12 05:53:07',NULL,'dmilun@corp.untd.com'),(20714,'jjohnson@lingo.com','Derrick','Tolliver','dtolliver@lingo.com','active','2025-08-26 09:11:06','2025-09-12 05:53:07',NULL,'jjohnson@lingo.com'),(20716,'andrea.lang@lingo.com','William','Turner','wturner@lingo.com','active','2025-08-26 09:11:06','2025-09-12 05:53:07',NULL,'andrea.lang@lingo.com'),(20718,'aveluppillai@brileyfin.com','Vilas','Uchil','vuchil@lingo.com','active','2025-08-26 09:11:06','2025-09-12 05:53:07',NULL,'aveluppillai@brileyfin.com'),(20720,'pbockstanz@lingo.com','Ryan','Valderrama','rvalderrama@lingo.com','active','2025-08-26 09:11:06','2025-09-12 05:53:07',NULL,'pbockstanz@lingo.com'),(20722,'aveluppillai@brileyfin.com','Javier','Valencia','alex.valencia@lingo.com','active','2025-08-26 09:11:06','2025-09-12 05:53:07',NULL,'aveluppillai@brileyfin.com'),(20724,'angela.howard@lingo.com','Rudy','Valencia','rudy.valencia@lingo.com','active','2025-08-26 09:11:06','2025-09-12 05:53:07',NULL,'angela.howard@lingo.com'),(20726,'dmilun@corp.untd.com','Lee','Veal','lee.veal@lingo.com','active','2025-08-26 09:11:06','2025-09-12 05:53:07',NULL,'dmilun@corp.untd.com'),(20728,'steve.reynolds@lingo.com','Kimberly','Walker','kim.walker@lingo.com','active','2025-08-26 09:11:06','2025-09-12 05:53:07',NULL,'steve.reynolds@lingo.com'),(20730,'eparks@lingo.com','Barbara','Webb','bwebb@lingo.com','active','2025-08-26 09:11:06','2025-09-12 05:53:07',NULL,'eparks@lingo.com'),(20732,'stayal@lingo.com','Jan','Werner','jwerner@lingo.com','active','2025-08-26 09:11:06','2025-09-12 05:53:07',NULL,'stayal@lingo.com'),(20734,'laurie.frank@magicjack.com','Brian','Whitford','brian.whitford@lingo.com','active','2025-08-26 09:11:06','2025-09-12 05:53:07',NULL,'laurie.frank@magicjack.com'),(20736,'bill.pilcher@lingo.com','Karen','Wilford','karen.wilford@lingo.com','active','2025-08-26 09:11:06','2025-09-12 05:53:07',NULL,'bill.pilcher@lingo.com'),(20738,'bill.pilcher@lingo.com','Tishie','Williams','tish.williams@lingo.com','active','2025-08-26 09:11:06','2025-09-12 05:53:07',NULL,'bill.pilcher@lingo.com'),(20740,'vuchil@lingo.com','Grant','Williams','grant.williams@lingo.com','active','2025-08-26 09:11:06','2025-09-12 05:53:07',NULL,'vuchil@lingo.com'),(20742,'grant.williams@lingo.com','Mary','Williams','mwilliams@lingo.com','active','2025-08-26 09:11:06','2025-09-12 05:53:07',NULL,'grant.williams@lingo.com'),(20744,'lisa.stacey@lingo.com','Angela','Wilson','lisa.wilson@lingo.com','active','2025-08-26 09:11:06','2025-09-12 05:53:07',NULL,'lisa.stacey@lingo.com'),(20746,'vuchil@lingo.com','Syedadil','Zaidi','azaidi@lingo.com','active','2025-08-26 09:11:06','2025-09-12 05:53:07',NULL,'vuchil@lingo.com'),(20748,'steve.reynolds@lingo.com','Jay','Zak','jzak@lingo.com','active','2025-08-26 09:11:06','2025-09-12 05:53:07',NULL,'steve.reynolds@lingo.com'),(20750,'wbowen@corp.untd.com','Amit','Bhatnagar','abhatnagar@lingo.com','active','2025-08-26 09:11:06','2025-09-12 05:53:07',NULL,'wbowen@corp.untd.com'),(20752,'azaidi@lingo.com','Prakash','Patel','prakash.patel@lingo.com','active','2025-08-26 09:11:06','2025-09-12 05:53:07',NULL,'azaidi@lingo.com'),(20754,'edward.graybeal@magicjack.com','Terry','Price','terry.price@magicjack.com','active','2025-08-26 09:11:06','2025-09-12 05:53:07',NULL,'edward.graybeal@magicjack.com'),(20756,'asuresh@corp.untd.com','Mounika','Devakar','dmounika@corp.untd.com','active','2025-08-26 09:11:06','2025-09-12 05:53:07',NULL,'asuresh@corp.untd.com'),(20758,'agabrielyan@corp.untd.com','Sasha','Ruiz','sasha.ruiz@magicjack.com','active','2025-08-26 09:11:06','2025-09-12 05:53:07',NULL,'agabrielyan@corp.untd.com'),(20760,'jjohnson@lingo.com','Joanna','Davis','joanna.davis@lingo.com','active','2025-08-26 09:11:06','2025-09-12 05:53:07',NULL,'jjohnson@lingo.com'),(20762,'cbarroso@lingo.com','Erick','Dean','edean@lingo.com','active','2025-08-26 09:11:06','2025-09-12 05:53:07',NULL,'cbarroso@lingo.com'),(20764,'chris.ramsey@lingo.com','William','Pilcher','bill.pilcher@lingo.com','active','2025-08-26 09:11:06','2025-09-12 05:53:07',NULL,'chris.ramsey@lingo.com'),(20766,'kmorrow@lingo.com','Minnie','Davidson','mdavidson@lingo.com','active','2025-08-26 09:11:06','2025-09-12 05:53:07',NULL,'kmorrow@lingo.com'),(20768,'vsai@corp.untd.com','Pradeep','Jorrigala','jpradeep@corp.untd.com','active','2025-08-26 09:11:06','2025-09-12 05:53:07',NULL,'vsai@corp.untd.com'),(20770,'prakash.patel@lingo.com','Satwinder','Singh','satwinder.singh@lingo.com','active','2025-08-26 09:11:06','2025-09-12 05:53:07',NULL,'prakash.patel@lingo.com'),(20772,'danilo.cruz@ymaxcorp.com','Jerome','Shepard','jshepard@lingo.com','active','2025-08-26 09:11:06','2025-09-12 05:53:07',NULL,'danilo.cruz@ymaxcorp.com'),(20774,'srinig@corp.untd.com','Mohammad','Sameer','sameerm@corp.untd.com','active','2025-08-26 09:11:06','2025-09-12 05:53:07',NULL,'srinig@corp.untd.com'),(20776,'dbratu@lingo.com','Rachel','Ramsay','rramsay@lingo.com','active','2025-08-26 09:11:06','2025-09-12 05:53:07',NULL,'dbratu@lingo.com'),(20778,'brian.whitford@lingo.com','Tara','Verdui','tverdui@lingo.com','active','2025-08-26 09:11:06','2025-09-12 05:53:07',NULL,'brian.whitford@lingo.com'),(20780,'cbarroso@lingo.com','James','Marin','jmarin@lingo.com','active','2025-08-26 09:11:06','2025-09-12 05:53:07',NULL,'cbarroso@lingo.com'),(20782,'cbarroso@lingo.com','Kendell','Picado','kpicado@lingo.com','active','2025-08-26 09:11:06','2025-09-12 05:53:07',NULL,'cbarroso@lingo.com'),(20784,'cbarroso@lingo.com','Jose','Trejos','jtrejos@lingo.com','active','2025-08-26 09:11:06','2025-09-12 05:53:07',NULL,'cbarroso@lingo.com'),(20786,'cbarroso@lingo.com','Fabian','Campos Quiros','fcamposquiros@lingo.com','active','2025-08-26 09:11:06','2025-09-12 05:53:07',NULL,'cbarroso@lingo.com'),(20788,'cbarroso@lingo.com','Sebastian','Diaz','sdiaz@lingo.com','active','2025-08-26 09:11:06','2025-09-12 05:53:07',NULL,'cbarroso@lingo.com'),(20790,'cbarroso@lingo.com','Miguel','Granados','mgranados@lingo.com','active','2025-08-26 09:11:06','2025-09-12 05:53:07',NULL,'cbarroso@lingo.com'),(20792,'cbarroso@lingo.com','Diego','Valladares','dvalladares@lingo.com','active','2025-08-26 09:11:06','2025-09-12 05:53:07',NULL,'cbarroso@lingo.com'),(20794,'cbarroso@lingo.com','Mauricio','Torres','mtorres@lingo.com','active','2025-08-26 09:11:06','2025-09-12 05:53:07',NULL,'cbarroso@lingo.com'),(20796,'cbarroso@lingo.com','David','Gaviria','dgaviria@lingo.com','active','2025-08-26 09:11:06','2025-09-12 05:53:07',NULL,'cbarroso@lingo.com'),(20798,'cbarroso@lingo.com','Jefferson','Garay','jgaray@lingo.com','active','2025-08-26 09:11:06','2025-09-12 05:53:07',NULL,'cbarroso@lingo.com'),(20800,'cbarroso@lingo.com','Alondra','Delgado','adelgado@lingo.com','active','2025-08-26 09:11:06','2025-09-12 05:53:07',NULL,'cbarroso@lingo.com'),(20802,'prakash.patel@lingo.com','Nitin','Chawla','nitin.chawla@lingo.com','active','2025-08-26 09:11:06','2025-09-12 05:53:07',NULL,'prakash.patel@lingo.com'),(20804,'prakash.patel@lingo.com','Supreet','Saluja','supreet.saluja@lingo.com','active','2025-08-26 09:11:06','2025-09-12 05:53:07',NULL,'prakash.patel@lingo.com'),(20806,'jamie.sark@lingo.com','Scott','Metzroth','scott.metzroth@lingo.com','active','2025-08-26 09:11:06','2025-09-12 05:53:07',NULL,'jamie.sark@lingo.com'),(20808,'kudaya@corp.untd.com','Bharat Kumar','Suram','bharats@corp.untd.com','active','2025-08-26 09:11:06','2025-09-12 05:53:07',NULL,'kudaya@corp.untd.com'),(20810,'jpeter@corp.untd.com','Naveen','Arige','anaveen@corp.untd.com','active','2025-08-26 09:11:06','2025-09-12 05:53:07',NULL,'jpeter@corp.untd.com'),(20812,'lisa.stacey@lingo.com','Gerald','Jimenez','gjimenez@lingo.com','active','2025-08-26 09:11:06','2025-09-12 05:53:07',NULL,'lisa.stacey@lingo.com'),(20814,'prakash.patel@lingo.com','Saurabh','Kaushal','skaushal@lingo.com','active','2025-08-26 09:11:06','2025-09-12 05:53:07',NULL,'prakash.patel@lingo.com'),(20816,'prakash.patel@lingo.com','Junita','Gupta','jgupta@lingo.com','active','2025-08-26 09:11:06','2025-09-12 05:53:07',NULL,'prakash.patel@lingo.com'),(20818,'lfajohn@lingo.com','Sameer','Shaikh','sameer.shaikh@lingo.com','active','2025-08-26 09:11:06','2025-09-12 05:53:07',NULL,'lfajohn@lingo.com'),(20820,'mahender@corp.untd.com','Eshwer','Garnepalli','geshwer@corp.untd.com','active','2025-08-26 09:11:06','2025-09-12 05:53:07',NULL,'mahender@corp.untd.com'),(20822,'nsivan@corp.untd.com','Kiran','Chinnari','ckiran@corp.untd.com','active','2025-08-26 09:11:07','2025-09-12 05:53:07',NULL,'nsivan@corp.untd.com'),(20824,'mahender@corp.untd.com','Pavan','Jangam','jpavan@corp.untd.com','active','2025-08-26 09:11:07','2025-09-12 05:53:07',NULL,'mahender@corp.untd.com'),(20826,'mthiyaga@corp.untd.com','Purna','Maddimsetti','mpurna@corp.untd.com','active','2025-08-26 09:11:07','2025-09-12 05:53:07',NULL,'mthiyaga@corp.untd.com'),(20828,'pnangun@corp.untd.com','Siri','Prodduturi','psiri@corp.untd.com','active','2025-08-26 09:11:07','2025-09-12 05:53:07',NULL,'pnangun@corp.untd.com'),(20830,'mthiyaga@corp.untd.com','Sivakumar','Cheedella','csivakumar@corp.untd.com','active','2025-08-26 09:11:07','2025-09-12 05:53:07',NULL,'mthiyaga@corp.untd.com'),(20832,'kimmanen@corp.untd.com','Veda','Botsa','bveda@corp.untd.com','active','2025-08-26 09:11:07','2025-09-12 05:53:07',NULL,'kimmanen@corp.untd.com'),(20834,'steve.orourke@ymaxcorp.com','Anthony','Frank','anthony.frank@ymaxcorp.com','active','2025-08-26 09:11:07','2025-09-12 05:53:07',NULL,'steve.orourke@ymaxcorp.com'),(20836,'srinig@corp.untd.com','Sai','Chigurusetti','clokesh@corp.untd.com','active','2025-08-26 09:11:07','2025-09-12 05:53:07',NULL,'srinig@corp.untd.com'),(20838,'lfajohn@lingo.com','Sohel','Pathan','sohel.pathan@lingo.com','active','2025-08-26 09:11:07','2025-09-12 05:53:07',NULL,'lfajohn@lingo.com'),(20840,'brian.whitford@lingo.com','Ratnadip','Suryawanshi','rsuryawanshi@lingo.com','active','2025-08-26 09:11:07','2025-09-12 05:53:07',NULL,'brian.whitford@lingo.com'),(20842,'greg.corwin@lingo.com','Lisa','Lynch','llynch@lingo.com','active','2025-08-26 09:11:07','2025-09-12 05:53:07',NULL,'greg.corwin@lingo.com'),(20844,'cbarroso@lingo.com','Ashley','Bolanos','abolanos@lingo.com','active','2025-08-26 09:11:07','2025-09-12 05:53:07',NULL,'cbarroso@lingo.com'),(20846,'karen.brisby@lingo.com','Trisha','Roberson','troberson@lingo.com','active','2025-08-26 09:11:07','2025-09-12 05:53:07',NULL,'karen.brisby@lingo.com'),(20848,'grant.williams@lingo.com','Darshani','Kapse','darshani.kapse@lingo.com','active','2025-08-26 09:11:07','2025-09-12 05:53:07',NULL,'grant.williams@lingo.com'),(20850,'grant.williams@lingo.com','Arshad','Pansare','arshad.pansare@lingo.com','active','2025-08-26 09:11:07','2025-09-12 05:53:07',NULL,'grant.williams@lingo.com'),(20852,'grant.williams@lingo.com','Kailash','Hiremath','kailash.hiremath@lingo.com','active','2025-08-26 09:11:07','2025-09-12 05:53:07',NULL,'grant.williams@lingo.com'),(20854,'grant.williams@lingo.com','Rithika','Ethraj','rithika.ethraj@lingo.com','active','2025-08-26 09:11:07','2025-09-12 05:53:07',NULL,'grant.williams@lingo.com'),(20856,'grant.williams@lingo.com','Sharad','Jadhav','sharad.jadhav@lingo.com','active','2025-08-26 09:11:07','2025-09-12 05:53:07',NULL,'grant.williams@lingo.com'),(20858,'grant.williams@lingo.com','Shibham','Podhade','shibham.podhade@lingo.com','active','2025-08-26 09:11:07','2025-09-12 05:53:07',NULL,'grant.williams@lingo.com'),(20860,'lfajohn@lingo.com','Jostin','Alcazar','jostin.alcazar@lingo.com','active','2025-08-26 09:11:07','2025-09-12 05:53:07',NULL,'lfajohn@lingo.com'),(20862,'brian.whitford@lingo.com','Sneha','Chavan','schavan@lingo.com','active','2025-08-26 09:11:07','2025-09-12 05:53:07',NULL,'brian.whitford@lingo.com'),(20864,'lisa.stacey@lingo.com','Eliecer','Leon','eliecer.leon@lingo.com','active','2025-08-26 09:11:07','2025-09-12 05:53:07',NULL,'lisa.stacey@lingo.com'),(20866,'grant.williams@lingo.com','Chaitali','Kadu','chaitali.kadu@lingo.com','active','2025-08-26 09:11:07','2025-09-12 05:53:07',NULL,'grant.williams@lingo.com'),(20868,'grant.williams@lingo.com','Vivek','Patil','vivek.patil@lingo.com','active','2025-08-26 09:11:07','2025-09-12 05:53:07',NULL,'grant.williams@lingo.com'),(20870,'jfreed@lingo.com','Dianne','McDowell','dmcdowell@lingo.com','active','2025-08-26 09:11:07','2025-09-12 05:53:07',NULL,'jfreed@lingo.com'),(20872,'aveluppillai@brileyfin.com','Renee','Morrow','renee.morrow@lingo.com','active','2025-08-26 09:11:07','2025-09-12 05:53:07',NULL,'aveluppillai@brileyfin.com'),(20874,'cbarroso@lingo.com','Micheal','Okegbenro','micheal.okegbenro@lingo.com','active','2025-08-26 09:11:07','2025-09-12 05:53:07',NULL,'cbarroso@lingo.com'),(20876,'brian.whitford@lingo.com','Sagar','Bhosale','sbhosale@lingo.com','active','2025-08-26 09:11:07','2025-09-12 05:53:07',NULL,'brian.whitford@lingo.com'),(20878,'asuresh@corp.untd.com','Shilpa','R S','rshilpa@corp.untd.com','active','2025-08-26 09:11:07','2025-09-12 05:53:07',NULL,'asuresh@corp.untd.com'),(20880,'jnirmal@corp.untd.com','Gopi','Pasivedala','pgopi@corp.untd.com','active','2025-08-26 09:11:07','2025-09-12 05:53:07',NULL,'jnirmal@corp.untd.com'),(20882,'lfajohn@lingo.com','Aman','Sayyed','aman.sayyed@lingo.com','active','2025-08-26 09:11:07','2025-09-12 05:53:07',NULL,'lfajohn@lingo.com'),(20884,'lfajohn@lingo.com','Abhijeet','Gaikwad','abhijeet.gaikwad@lingo.com','active','2025-08-26 09:11:07','2025-09-12 05:53:07',NULL,'lfajohn@lingo.com'),(20886,'azaidi@lingo.com','Azhar','Khan','akhan@lingo.com','active','2025-08-26 09:11:07','2025-09-12 05:53:07',NULL,'azaidi@lingo.com'),(20888,'azaidi@lingo.com','Mayur','Hole','mhole@lingo.com','active','2025-08-26 09:11:07','2025-09-12 05:53:07',NULL,'azaidi@lingo.com'),(20890,'cbarroso@lingo.com','Cora','Kirby','ckirby@lingo.com','active','2025-08-26 09:11:07','2025-09-12 05:53:07',NULL,'cbarroso@lingo.com'),(20892,'karen.brisby@lingo.com','Abin','George','abin.george@lingo.com','active','2025-08-26 09:11:07','2025-09-12 05:53:07',NULL,'karen.brisby@lingo.com'),(20894,'karen.brisby@lingo.com','Akshay','Barfe','abarfe@lingo.com','active','2025-08-26 09:11:07','2025-09-12 05:53:07',NULL,'karen.brisby@lingo.com'),(20896,'karen.brisby@lingo.com','Anjali','Chede','achede@lingo.com','active','2025-08-26 09:11:07','2025-09-12 05:53:07',NULL,'karen.brisby@lingo.com'),(20898,'brian.whitford@lingo.com','Akash','Ghuge','akash.ghuge@lingo.com','active','2025-08-26 09:11:07','2025-09-12 05:53:07',NULL,'brian.whitford@lingo.com'),(20900,'cbarroso@lingo.com','Anthony','Marin','anmarin@lingo.com','active','2025-08-26 09:11:07','2025-09-12 05:53:07',NULL,'cbarroso@lingo.com'),(20902,'karen.brisby@lingo.com','Abhishek','Ruikar','aruikar@lingo.com','active','2025-08-26 09:11:07','2025-09-12 05:53:07',NULL,'karen.brisby@lingo.com'),(20904,'lfajohn@lingo.com','Ashique','P','ashiquep@lingo.com','active','2025-08-26 09:11:07','2025-09-12 05:53:07',NULL,'lfajohn@lingo.com'),(20906,'lfajohn@lingo.com','Brandon','Herrera','bherrera@lingo.com','active','2025-08-26 09:11:07','2025-09-12 05:53:07',NULL,'lfajohn@lingo.com'),(20908,'cbarroso@lingo.com','Charlotte','Cabrera','ccabrera@lingo.com','active','2025-08-26 09:11:07','2025-09-12 05:53:07',NULL,'cbarroso@lingo.com'),(20910,'karen.brisby@lingo.com','Darshan','Gaikwad','dgaikwad@lingo.com','active','2025-08-26 09:11:07','2025-09-12 05:53:07',NULL,'karen.brisby@lingo.com'),(20912,'brian.whitford@lingo.com','Diksha','Hajare','dhajare@lingo.com','active','2025-08-26 09:11:07','2025-09-12 05:53:07',NULL,'brian.whitford@lingo.com'),(20914,'cbarroso@lingo.com','Dorian','Rodriguez','drodriguez@lingo.com','active','2025-08-26 09:11:07','2025-09-12 05:53:07',NULL,'cbarroso@lingo.com'),(20916,'lfajohn@lingo.com','Estefany','Mejias','emejias@lingo.com','active','2025-08-26 09:11:07','2025-09-12 05:53:07',NULL,'lfajohn@lingo.com'),(20918,'brian.whitford@lingo.com','Hrishikesh','Chopade','hchopade@lingo.com','active','2025-08-26 09:11:07','2025-09-12 05:53:07',NULL,'brian.whitford@lingo.com'),(20920,'lfajohn@lingo.com','Jayprakash','Vishwakarma','jayprakash.vishwakarma@lingo.com','active','2025-08-26 09:11:07','2025-09-12 05:53:07',NULL,'lfajohn@lingo.com'),(20922,'cbarroso@lingo.com','Jonathan','Ruiz','jruiz@lingo.com','active','2025-08-26 09:11:07','2025-09-12 05:53:07',NULL,'cbarroso@lingo.com'),(20924,'lfajohn@lingo.com','Maria','Fernanda','mfernanda@lingo.com','active','2025-08-26 09:11:07','2025-09-12 05:53:07',NULL,'lfajohn@lingo.com'),(20926,'karen.brisby@lingo.com','Mahesh','Nair','mnair@lingo.com','active','2025-08-26 09:11:07','2025-09-12 05:53:07',NULL,'karen.brisby@lingo.com'),(20928,'cbarroso@lingo.com','Margarita','Osaba','mosaba@lingo.com','active','2025-08-26 09:11:07','2025-09-12 05:53:07',NULL,'cbarroso@lingo.com'),(20930,'danilo.cruz@ymaxcorp.com','Mary','Pasechnyk','mpasechnyk@lingo.com','active','2025-08-26 09:11:07','2025-09-12 05:53:07',NULL,'danilo.cruz@ymaxcorp.com'),(20932,'brian.whitford@lingo.com','Mayuri','Satkar','msatkar@lingo.com','active','2025-08-26 09:11:07','2025-09-12 05:53:07',NULL,'brian.whitford@lingo.com'),(20934,'lfajohn@lingo.com','Mario','Zeledon','mzeledon@lingo.com','active','2025-08-26 09:11:07','2025-09-12 05:53:07',NULL,'lfajohn@lingo.com'),(20936,'cbarroso@lingo.com','Nathalie','Aguilar','naguilar@lingo.com','active','2025-08-26 09:11:07','2025-09-12 05:53:07',NULL,'cbarroso@lingo.com'),(20938,'karen.brisby@lingo.com','Nayan','Mahajan','nmahajan@lingo.com','active','2025-08-26 09:11:07','2025-09-12 05:53:07',NULL,'karen.brisby@lingo.com'),(20940,'lfajohn@lingo.com','Nayeli','Mora','nmora@lingo.com','active','2025-08-26 09:11:07','2025-09-12 05:53:07',NULL,'lfajohn@lingo.com'),(20942,'karen.brisby@lingo.com','Prashant','Chikodi','pchikodi@lingo.com','active','2025-08-26 09:11:07','2025-09-12 05:53:07',NULL,'karen.brisby@lingo.com'),(20944,'brian.whitford@lingo.com','Prateek','Kumar','pkumar@lingo.com','active','2025-08-26 09:11:07','2025-09-12 05:53:07',NULL,'brian.whitford@lingo.com'),(20946,'brian.whitford@lingo.com','Priyanka','Mishra','pmishra@lingo.com','active','2025-08-26 09:11:07','2025-09-12 05:53:07',NULL,'brian.whitford@lingo.com'),(20948,'azaidi@lingo.com','Rupa','Kassa','rkassa@lingo.com','active','2025-08-26 09:11:07','2025-09-12 05:53:07',NULL,'azaidi@lingo.com'),(20950,'karen.brisby@lingo.com','Roshan','Singh','rosingh@lingo.com','active','2025-08-26 09:11:07','2025-09-12 05:53:07',NULL,'karen.brisby@lingo.com'),(20952,'karen.brisby@lingo.com','Rakesh','Patil','rpatil@lingo.com','active','2025-08-26 09:11:07','2025-09-12 05:53:07',NULL,'karen.brisby@lingo.com'),(20954,'lfajohn@lingo.com','Steven','Arroyo','sarroyo@lingo.com','active','2025-08-26 09:11:07','2025-09-12 05:53:07',NULL,'lfajohn@lingo.com'),(20956,'brian.whitford@lingo.com','Saurabh','Bhalerao','sbhalerao@lingo.com','active','2025-08-26 09:11:07','2025-09-12 05:53:07',NULL,'brian.whitford@lingo.com'),(20958,'karen.brisby@lingo.com','Shashikant','Bhasgi','sbhasgi@lingo.com','active','2025-08-26 09:11:07','2025-09-12 05:53:07',NULL,'karen.brisby@lingo.com'),(20960,'brian.whitford@lingo.com','Supriya','Deshmukh','sdeshmukh@lingo.com','active','2025-08-26 09:11:07','2025-09-12 05:53:07',NULL,'brian.whitford@lingo.com'),(20962,'karen.brisby@lingo.com','Sunydeo','Dwivedi','sdwivedi@lingo.com','active','2025-08-26 09:11:07','2025-09-12 05:53:07',NULL,'karen.brisby@lingo.com'),(20964,'brian.whitford@lingo.com','Sagar','Kamble','skamble@lingo.com','active','2025-08-26 09:11:07','2025-09-12 05:53:07',NULL,'brian.whitford@lingo.com'),(20966,'lfajohn@lingo.com','Sachin','Kumar','skumar@lingo.com','active','2025-08-26 09:11:07','2025-09-12 05:53:07',NULL,'lfajohn@lingo.com'),(20968,'lfajohn@lingo.com','Sabrina','Picado','spicado@lingo.com','active','2025-08-26 09:11:07','2025-09-12 05:53:07',NULL,'lfajohn@lingo.com'),(20970,'karen.brisby@lingo.com','Washi','Imam','wimam@lingo.com','active','2025-08-26 09:11:07','2025-09-12 05:53:07',NULL,'karen.brisby@lingo.com'),(20972,'lfajohn@lingo.com','Xavier','Mora','xmora@lingo.com','active','2025-08-26 09:11:07','2025-09-12 05:53:07',NULL,'lfajohn@lingo.com'),(20974,'lfajohn@lingo.com','Yusara','Hambelant','yhambelant@lingo.com','active','2025-08-26 09:11:07','2025-09-12 05:53:07',NULL,'lfajohn@lingo.com'),(20976,'brian.whitford@lingo.com','Sameer','Shaikh','sshaikh@lingo.com','active','2025-08-26 09:11:07','2025-09-12 05:53:07',NULL,'brian.whitford@lingo.com'),(20978,'lisa.stacey@lingo.com','Mariana','Cordero','mariana.cordero@lingo.com','active','2025-08-26 09:11:07','2025-09-12 05:53:07',NULL,'lisa.stacey@lingo.com'),(20980,'brian.whitford@lingo.com','Supriya','Channawar','schannawar@lingo.com','active','2025-08-26 09:11:07','2025-09-12 05:53:07',NULL,'brian.whitford@lingo.com'),(20982,'lisa.stacey@lingo.com','Saul','Quesada','squesada@lingo.com','active','2025-08-26 09:11:07','2025-09-12 05:53:07',NULL,'lisa.stacey@lingo.com'),(20984,'kimmanen@corp.untd.com','Sai Charan','J','charanj@corp.untd.com','active','2025-08-26 09:11:07','2025-09-12 05:53:07',NULL,'kimmanen@corp.untd.com'),(20986,'lisa.stacey@lingo.com','Bryan','Delgado','bryan.delgado@lingo.com','active','2025-08-26 09:11:07','2025-09-12 05:53:07',NULL,'lisa.stacey@lingo.com'),(20988,'asuresh@corp.untd.com','Chandrakanth','Madival','chandram@corp.untd.com','active','2025-08-26 09:11:07','2025-09-12 05:53:07',NULL,'asuresh@corp.untd.com'),(20990,'kanil@corp.untd.com','Rajesh','Muthu','rajeshm@corp.untd.com','active','2025-08-26 09:11:07','2025-09-12 05:53:07',NULL,'kanil@corp.untd.com'),(20992,'lfajohn@lingo.com','Juned','Shaikh','juned.shaikh@lingo.com','active','2025-08-26 09:11:07','2025-09-12 05:53:07',NULL,'lfajohn@lingo.com'),(20994,'sharad.jadhav@lingo.com','Kiran','Kadekar','kiran.kadekar@lingo.com','active','2025-08-26 09:11:07','2025-09-12 05:53:07',NULL,'sharad.jadhav@lingo.com'),(20996,'lisa.stacey@lingo.com','Frank','Jimenez','frank.jimenez@lingo.com','active','2025-08-26 09:11:07','2025-09-12 05:53:07',NULL,'lisa.stacey@lingo.com'),(20998,'lisa.stacey@lingo.com','Maya','Coto','maya.coto@lingo.com','active','2025-08-26 09:11:07','2025-09-12 05:53:07',NULL,'lisa.stacey@lingo.com'),(21000,'lisa.stacey@lingo.com','Russel','Munoz','russel.munoz@lingo.com','active','2025-08-26 09:11:07','2025-09-12 05:53:07',NULL,'lisa.stacey@lingo.com'),(21002,'lisa.stacey@lingo.com','Maria','Vargas','maria.vargas@lingo.com','active','2025-08-26 09:11:07','2025-09-12 05:53:07',NULL,'lisa.stacey@lingo.com'),(21004,'lisa.stacey@lingo.com','Alessandro','Guzman','alessandro.guzman@lingo.com','active','2025-08-26 09:11:07','2025-09-12 05:53:07',NULL,'lisa.stacey@lingo.com'),(21006,'brian.whitford@lingo.com','Gauri','Nikam','gauri.nikam@lingo.com','active','2025-08-26 09:11:07','2025-09-12 05:53:07',NULL,'brian.whitford@lingo.com'),(21008,'','Harinadh','Palle','harinadhp@corp.untd.com','active','2025-08-26 09:11:07','2025-09-12 05:53:07',NULL,''),(21010,'lisa.stacey@lingo.com','Kristel','Fallas','kfallas@lingo.com','active','2025-08-26 09:11:07','2025-09-12 05:53:07',NULL,'lisa.stacey@lingo.com'),(21012,'lisa.stacey@lingo.com','Camila','Garita','cgarita@lingo.com','active','2025-08-26 09:11:07','2025-09-12 05:53:07',NULL,'lisa.stacey@lingo.com'),(21014,'lfajohn@lingo.com','Sanket','Chaudhari','schaudhari@lingo.com','active','2025-08-26 09:11:07','2025-09-05 06:52:30',NULL,'lfajohn@lingo.com'),(34434,'147368','test1','user1','test1@untd.com','inactive','2025-09-01 10:27:25','2025-09-04 10:42:11',NULL,'user1@untd.com'),(35332,'147371','Dales','Sercue','dsercue@corp.untd.com','inactive','2025-09-01 12:16:38','2025-09-01 12:18:11',NULL,NULL),(35618,'mbaba@corp.untd.com','Krish','Murala','krishmurala@corp.untd.com','active','2025-09-02 07:20:21','2025-09-09 10:39:10',NULL,'mbaba@corp.untd.com');
/*!40000 ALTER TABLE `users` ENABLE KEYS */;
UNLOCK TABLES;

--
-- Table structure for table `users_auth`
--

DROP TABLE IF EXISTS `users_auth`;
/*!40101 SET @saved_cs_client     = @@character_set_client */;
/*!40101 SET character_set_client = utf8 */;
CREATE TABLE `users_auth` (
  `auth_id` int(11) NOT NULL AUTO_INCREMENT,
  `user_id` int(11) NOT NULL,
  `username` varchar(50) NOT NULL,
  `password_hash` varchar(255) NOT NULL,
  `is_active` tinyint(1) DEFAULT 1,
  `last_login` timestamp NULL DEFAULT NULL,
  `failed_attempts` int(11) DEFAULT 0,
  `locked_until` timestamp NULL DEFAULT NULL,
  `created_at` timestamp NULL DEFAULT current_timestamp(),
  `updated_at` timestamp NULL DEFAULT current_timestamp() ON UPDATE current_timestamp(),
  PRIMARY KEY (`auth_id`),
  UNIQUE KEY `username` (`username`)
) ENGINE=InnoDB DEFAULT CHARSET=utf8mb4 COLLATE=utf8mb4_general_ci;
/*!40101 SET character_set_client = @saved_cs_client */;

--
-- Dumping data for table `users_auth`
--

LOCK TABLES `users_auth` WRITE;
/*!40000 ALTER TABLE `users_auth` DISABLE KEYS */;
/*!40000 ALTER TABLE `users_auth` ENABLE KEYS */;
UNLOCK TABLES;
/*!40103 SET TIME_ZONE=@OLD_TIME_ZONE */;

/*!40101 SET SQL_MODE=@OLD_SQL_MODE */;
/*!40014 SET FOREIGN_KEY_CHECKS=@OLD_FOREIGN_KEY_CHECKS */;
/*!40014 SET UNIQUE_CHECKS=@OLD_UNIQUE_CHECKS */;
/*!40101 SET CHARACTER_SET_CLIENT=@OLD_CHARACTER_SET_CLIENT */;
/*!40101 SET CHARACTER_SET_RESULTS=@OLD_CHARACTER_SET_RESULTS */;
/*!40101 SET COLLATION_CONNECTION=@OLD_COLLATION_CONNECTION */;
/*!40111 SET SQL_NOTES=@OLD_SQL_NOTES */;

-- Dump completed on 2025-09-12 14:52:55
